season,Team,age,pw,pl,sos,srs,pace,f_tr,x3p_ar,ts_percent,e_fg_percent,tov_percent,orb_percent,ft_fga,opp_e_fg_percent,opp_tov_percent,opp_drb_percent,opp_ft_fga,attend,attend_g,W,L,W/L%,MOV/A,ORtg/A,DRtg/A,NRtg/A,Rk,playoffs
2022,Atlanta Hawks,26.1,45.0,37.0,-0.01,1.55,97.7,0.253,0.39,0.581,0.543,10.8,23.0,0.205,0.543,11.5,76.9,0.177,672742.0,16408.0,43,39,0.524,1.55,117.42,115.84,1.58,14,0
2021,Atlanta Hawks,25.4,41.0,31.0,-0.18,2.14,97.6,0.278,0.382,0.581,0.539,11.9,24.4,0.226,0.53,11.1,77.8,0.19,59288.0,1647.0,41,31,0.569,2.14,116.33,114.14,2.19,11,0
2020,Atlanta Hawks,24.1,18.0,49.0,0.27,-7.71,103.0,0.258,0.398,0.554,0.515,13.8,21.6,0.204,0.543,12.7,74.9,0.233,545453.0,16043.0,20,47,0.299,-7.71,108.18,115.56,-7.37,28,0
2019,Atlanta Hawks,25.1,27.0,55.0,-0.04,-6.06,103.9,0.255,0.403,0.555,0.522,14.3,24.7,0.192,0.541,12.8,76.4,0.237,628440.0,15328.0,29,53,0.354,-6.06,108.83,114.59,-5.76,26,0
2018,Atlanta Hawks,25.4,27.0,55.0,0.15,-5.3,98.3,0.236,0.363,0.547,0.512,14.1,21.1,0.185,0.536,13.6,76.2,0.183,590769.0,14409.0,24,58,0.293,-5.3,105.81,111.12,-5.31,26,0
2017,Atlanta Hawks,27.9,39.0,43.0,-0.38,-1.23,97.4,0.295,0.309,0.541,0.504,14.2,23.6,0.215,0.507,13.8,76.1,0.179,654306.0,15959.0,43,39,0.524,-1.23,105.32,106.69,-1.37,20,1
2016,Atlanta Hawks,28.2,51.0,31.0,-0.12,3.49,97.1,0.237,0.336,0.552,0.516,13.8,19.1,0.185,0.48,14.4,74.6,0.194,690150.0,16833.0,48,34,0.585,3.49,105.74,102.12,3.62,7,1
2015,Atlanta Hawks,27.8,56.0,26.0,-0.68,4.75,93.9,0.259,0.321,0.563,0.527,13.5,21.4,0.201,0.492,14.9,73.4,0.185,713909.0,17412.0,60,22,0.732,4.75,109.85,104.56,5.29,4,1
2014,Atlanta Hawks,27.5,40.0,42.0,-0.4,-0.88,94.6,0.266,0.316,0.554,0.515,14.3,21.0,0.208,0.51,14.0,74.4,0.196,587927.0,14231.0,38,44,0.463,-0.88,106.74,107.71,-0.97,16,1
2013,Atlanta Hawks,27.1,42.0,40.0,-0.48,-0.08,92.6,0.244,0.286,0.546,0.517,14.2,22.2,0.174,0.496,14.2,73.6,0.181,620146.0,15126.0,44,38,0.537,-0.07,105.39,105.54,-0.15,16,1
2012,Atlanta Hawks,27.9,41.0,25.0,-0.77,2.67,90.2,0.259,0.249,0.535,0.5,13.4,23.9,0.192,0.48,14.4,74.4,0.186,501593.0,15200.0,40,26,0.606,2.67,105.57,102.72,2.85,9,1
2011,Atlanta Hawks,27.4,39.0,43.0,-0.28,-1.1,89.3,0.269,0.222,0.542,0.501,13.5,23.4,0.209,0.495,12.3,74.6,0.211,641596.0,15649.0,44,38,0.537,-1.1,107.03,108.29,-1.26,18,1
2022,Boston Celtics,26.1,59.0,23.0,-0.26,7.02,96.6,0.239,0.425,0.578,0.542,12.4,24.0,0.195,0.502,12.5,77.3,0.183,727928.0,17754.0,51,31,0.622,7.02,115.05,107.65,7.39,1,0
2021,Boston Celtics,25.1,39.0,33.0,-0.14,1.32,98.3,0.234,0.409,0.574,0.543,12.5,24.3,0.181,0.539,12.8,78.1,0.215,30067.0,835.0,36,36,0.5,1.32,114.69,113.47,1.22,13,0
2020,Boston Celtics,25.3,50.0,22.0,-0.47,5.83,99.5,0.259,0.386,0.57,0.531,12.2,23.9,0.207,0.509,13.5,77.4,0.215,610864.0,19090.0,48,24,0.667,5.83,114.01,108.15,5.86,5,1
2019,Boston Celtics,25.7,52.0,30.0,-0.54,3.9,99.6,0.215,0.381,0.567,0.534,11.5,21.6,0.173,0.514,13.4,77.0,0.198,763584.0,18624.0,49,33,0.598,3.9,112.57,108.69,3.88,8,1
2018,Boston Celtics,24.7,51.0,31.0,-0.35,3.23,96.0,0.243,0.357,0.552,0.518,13.0,21.5,0.188,0.495,13.0,78.4,0.191,763584.0,18624.0,55,27,0.671,3.24,108.14,104.75,3.39,7,1
2017,Boston Celtics,25.9,48.0,34.0,-0.39,2.25,96.8,0.273,0.393,0.567,0.525,12.2,21.2,0.22,0.503,12.6,75.3,0.223,760690.0,18553.0,53,29,0.646,2.25,111.81,109.49,2.33,8,1
2016,Boston Celtics,25.2,50.0,32.0,-0.37,2.84,98.5,0.264,0.293,0.531,0.488,12.1,25.1,0.208,0.487,14.6,74.6,0.231,749076.0,18270.0,48,34,0.585,2.84,107.24,104.43,2.81,8,1
2015,Boston Celtics,25.0,41.0,41.0,-0.56,-0.4,95.8,0.233,0.28,0.523,0.489,12.5,24.7,0.176,0.494,13.7,75.0,0.208,721350.0,17594.0,40,42,0.488,-0.4,105.14,105.58,-0.44,19,1
2014,Boston Celtics,25.4,28.0,54.0,-0.51,-4.97,93.3,0.248,0.251,0.517,0.477,14.2,27.4,0.193,0.505,13.4,74.2,0.227,742400.0,18107.0,25,57,0.305,-4.98,103.69,109.03,-5.34,26,0
2013,Boston Celtics,29.1,40.0,41.0,-0.4,-0.62,91.7,0.263,0.215,0.542,0.503,14.1,20.1,0.204,0.482,14.2,73.3,0.216,744960.0,18624.0,41,40,0.506,-0.62,103.77,104.51,-0.75,17,1
2012,Boston Celtics,29.3,39.0,27.0,-0.26,2.26,90.4,0.257,0.194,0.535,0.496,14.7,19.7,0.2,0.452,14.9,72.4,0.216,614592.0,18624.0,39,27,0.591,2.26,102.19,99.69,2.5,12,1
2011,Boston Celtics,29.5,57.0,25.0,-0.54,4.83,90.4,0.305,0.18,0.561,0.519,14.5,21.1,0.235,0.469,14.8,74.7,0.235,763584.0,18624.0,56,26,0.683,4.83,107.03,101.73,5.3,6,1
2022,Brooklyn Nets,29.1,43.0,39.0,0.04,0.82,99.0,0.246,0.359,0.576,0.54,12.5,23.9,0.198,0.521,11.7,75.1,0.201,711539.0,17355.0,44,38,0.537,0.82,114.84,114.03,0.81,15,0
2021,Brooklyn Nets,28.2,46.0,26.0,-0.27,4.24,99.5,0.258,0.413,0.61,0.575,12.2,21.4,0.208,0.531,11.1,77.3,0.187,30491.0,847.0,48,24,0.667,4.24,119.0,114.76,4.24,7,0
2020,Brooklyn Nets,26.3,35.0,37.0,-0.44,-1.01,101.4,0.267,0.423,0.554,0.52,13.1,23.2,0.199,0.511,11.0,77.8,0.187,524907.0,16403.0,35,37,0.486,-1.01,109.63,110.64,-1.01,19,1
2019,Brooklyn Nets,25.4,41.0,41.0,-0.33,-0.4,100.8,0.284,0.403,0.556,0.52,13.0,23.8,0.211,0.512,11.6,76.4,0.19,612597.0,14941.0,42,40,0.512,-0.4,110.15,110.56,-0.41,16,1
2018,Brooklyn Nets,25.1,31.0,51.0,0.07,-3.67,98.9,0.26,0.411,0.551,0.514,13.6,21.0,0.201,0.517,11.0,77.0,0.201,640010.0,15376.0,28,54,0.341,-3.67,107.83,111.55,-3.72,24,0
2017,Brooklyn Nets,26.0,24.0,58.0,-0.01,-6.74,101.3,0.289,0.371,0.551,0.507,14.7,19.6,0.228,0.513,11.6,76.1,0.212,632608.0,15429.0,20,62,0.244,-6.74,104.63,111.37,-6.74,29,0
2016,Brooklyn Nets,26.9,22.0,60.0,0.24,-7.12,95.2,0.246,0.218,0.527,0.492,13.6,24.1,0.186,0.534,13.1,75.7,0.176,620142.0,15125.0,21,61,0.256,-7.11,104.06,111.66,-7.61,28,0
2015,Brooklyn Nets,28.6,33.0,49.0,-0.25,-3.13,92.7,0.267,0.24,0.529,0.491,13.0,23.9,0.2,0.506,12.9,73.7,0.185,698529.0,17037.0,38,44,0.463,-3.13,105.17,108.48,-3.31,23,1
2014,Brooklyn Nets,30.0,38.0,44.0,-0.58,-1.58,91.4,0.313,0.301,0.555,0.514,14.1,21.7,0.236,0.509,14.9,72.3,0.236,707331.0,17252.0,44,38,0.537,-1.58,107.36,109.16,-1.8,20,1
2013,Brooklyn Nets,28.6,46.0,36.0,-0.53,1.25,88.8,0.299,0.269,0.536,0.498,14.0,30.9,0.219,0.503,13.1,73.7,0.174,704702.0,17188.0,49,33,0.598,1.25,109.1,107.71,1.39,12,1
2022,Chicago Bulls,26.3,40.0,42.0,0.02,-0.38,98.3,0.248,0.332,0.579,0.541,11.8,20.4,0.201,0.541,11.9,78.3,0.199,856148.0,20882.0,46,36,0.561,-0.37,114.13,114.58,-0.45,20,0
2021,Chicago Bulls,25.6,34.0,38.0,-0.05,-0.94,99.0,0.197,0.383,0.575,0.547,13.6,22.3,0.156,0.538,11.6,80.3,0.196,13655.0,379.0,31,41,0.431,-0.94,111.9,112.87,-0.97,20,0
2020,Chicago Bulls,24.4,26.0,39.0,-0.93,-4.0,99.7,0.231,0.396,0.547,0.515,13.7,22.8,0.175,0.546,16.3,75.6,0.239,639352.0,18804.0,22,43,0.338,-4.0,107.22,111.29,-4.07,23,0
2019,Chicago Bulls,24.0,21.0,61.0,0.1,-8.32,99.0,0.235,0.295,0.541,0.505,12.7,19.4,0.184,0.541,11.9,77.3,0.188,823475.0,20085.0,22,60,0.268,-8.32,105.49,113.9,-8.41,27,0
2018,Chicago Bulls,24.4,23.0,59.0,0.2,-6.84,98.3,0.216,0.35,0.529,0.497,12.6,20.6,0.164,0.542,12.4,80.6,0.184,851824.0,20776.0,27,55,0.329,-6.84,104.46,111.47,-7.01,28,0
2017,Chicago Bulls,26.9,42.0,40.0,-0.39,0.03,95.3,0.259,0.256,0.53,0.487,12.3,27.0,0.206,0.507,12.4,76.8,0.169,888882.0,21680.0,41,41,0.5,0.03,107.91,107.98,-0.08,15,1
2016,Chicago Bulls,27.6,37.0,45.0,0.01,-1.46,95.7,0.24,0.244,0.526,0.487,12.6,24.5,0.189,0.485,10.7,74.9,0.182,894659.0,21821.0,42,40,0.512,-1.46,106.02,107.44,-1.42,18,0
2015,Chicago Bulls,28.8,50.0,32.0,-0.46,2.54,92.8,0.304,0.269,0.536,0.489,12.9,27.0,0.238,0.473,11.3,74.4,0.182,886612.0,21625.0,50,32,0.61,2.54,108.42,105.53,2.88,10,1
2014,Chicago Bulls,28.6,47.0,35.0,-0.66,1.2,90.2,0.29,0.222,0.518,0.471,14.2,27.2,0.226,0.471,13.7,75.4,0.189,890370.0,21716.0,48,34,0.585,1.19,103.12,101.72,1.4,14,1
2013,Chicago Bulls,28.0,42.0,40.0,-0.33,-0.02,89.3,0.259,0.189,0.512,0.47,13.6,29.4,0.201,0.477,13.2,73.6,0.206,896944.0,21877.0,45,37,0.549,-0.01,104.09,104.1,0.0,14,1
2012,Chicago Bulls,27.1,51.0,15.0,-0.76,7.43,89.1,0.255,0.205,0.523,0.49,13.2,32.6,0.184,0.45,12.8,74.3,0.175,731326.0,22161.0,50,16,0.758,7.43,108.21,99.72,8.49,1,1
2011,Chicago Bulls,26.4,61.0,21.0,-0.79,6.53,90.4,0.305,0.215,0.541,0.501,13.5,29.4,0.227,0.463,13.6,76.2,0.222,893462.0,21792.0,62,20,0.756,6.53,109.02,101.65,7.37,2,1
2022,Charlotte Hornets,25.5,42.0,40.0,0.09,0.53,100.0,0.234,0.418,0.572,0.544,11.6,23.3,0.173,0.544,13.1,74.8,0.187,700755.0,17092.0,43,39,0.524,0.53,115.02,114.42,0.6,16,0
2021,Charlotte Hornets,24.6,32.0,40.0,-0.01,-1.94,98.3,0.238,0.422,0.564,0.532,13.3,23.5,0.181,0.55,13.2,75.7,0.163,68255.0,1896.0,33,39,0.458,-1.94,111.66,113.75,-2.08,23,0
2020,Charlotte Hornets,24.3,19.0,46.0,-0.28,-7.03,95.8,0.252,0.399,0.539,0.504,13.3,23.9,0.188,0.546,13.1,74.4,0.159,478591.0,15428.0,23,42,0.354,-7.04,107.38,114.56,-7.18,27,0
2019,Charlotte Hornets,26.6,38.0,44.0,-0.22,-1.32,98.7,0.257,0.378,0.554,0.514,10.9,21.7,0.205,0.538,12.1,77.1,0.179,676570.0,16502.0,39,43,0.476,-1.31,112.11,113.41,-1.3,23,0
2018,Charlotte Hornets,26.6,42.0,40.0,-0.19,0.07,98.4,0.312,0.314,0.549,0.508,11.4,22.2,0.233,0.532,12.4,80.7,0.165,671404.0,16376.0,36,46,0.439,0.07,109.93,109.89,0.04,18,0
2017,Charlotte Hornets,26.5,42.0,40.0,-0.26,-0.07,95.7,0.279,0.335,0.547,0.501,10.7,19.9,0.227,0.523,12.1,79.6,0.164,710643.0,17333.0,36,46,0.439,-0.06,109.53,109.55,-0.02,14,0
2016,Charlotte Hornets,26.0,49.0,33.0,-0.36,2.36,95.7,0.28,0.348,0.545,0.502,11.7,20.0,0.222,0.496,12.5,79.8,0.191,716894.0,17485.0,48,34,0.585,2.36,107.67,105.33,2.34,9,1
2015,Charlotte Hornets,26.0,32.0,50.0,-0.27,-3.44,93.0,0.269,0.226,0.498,0.456,11.2,22.1,0.202,0.487,12.0,79.3,0.188,704886.0,17192.0,33,49,0.402,-3.44,100.75,104.55,-3.79,25,0
2022,Cleveland Cavaliers,24.7,47.0,35.0,-0.08,2.04,96.1,0.261,0.387,0.571,0.538,13.2,24.0,0.198,0.52,12.3,76.5,0.172,758228.0,18493.0,44,38,0.537,2.04,112.66,110.62,2.05,13,0
2021,Cleveland Cavaliers,24.0,18.0,54.0,0.25,-8.19,97.3,0.261,0.347,0.543,0.508,13.9,23.6,0.194,0.556,13.0,76.6,0.183,91476.0,2541.0,22,50,0.306,-8.19,106.96,115.51,-8.55,28,0
2020,Cleveland Cavaliers,25.0,18.0,47.0,0.12,-7.77,98.7,0.227,0.362,0.553,0.522,14.6,24.6,0.172,0.56,11.7,77.4,0.164,643008.0,17861.0,19,46,0.292,-7.77,108.46,116.41,-7.94,29,0
2019,Cleveland Cavaliers,25.2,19.0,63.0,0.22,-9.39,96.6,0.236,0.332,0.54,0.503,12.2,23.7,0.187,0.564,11.5,77.0,0.181,793337.0,19350.0,19,63,0.232,-9.39,108.83,118.64,-9.82,30,0
2018,Cleveland Cavaliers,30.6,43.0,39.0,-0.35,0.59,98.0,0.275,0.379,0.584,0.547,12.6,20.1,0.214,0.54,12.2,77.3,0.166,843042.0,20562.0,50,32,0.61,0.59,113.61,112.94,0.67,14,1
2017,Cleveland Cavaliers,29.2,49.0,33.0,-0.31,2.87,96.2,0.275,0.399,0.58,0.547,12.6,21.9,0.206,0.516,11.4,75.8,0.174,843042.0,20562.0,51,31,0.622,2.88,114.33,111.38,2.95,7,1
2016,Cleveland Cavaliers,28.1,57.0,25.0,-0.55,5.45,93.3,0.259,0.352,0.558,0.524,12.7,25.1,0.194,0.496,12.6,78.5,0.205,843042.0,20562.0,57,25,0.695,5.44,111.75,105.85,5.9,4,1
2015,Cleveland Cavaliers,26.9,53.0,29.0,-0.4,4.08,92.3,0.287,0.334,0.557,0.52,13.4,26.8,0.216,0.502,12.6,74.7,0.177,843042.0,20562.0,53,29,0.646,4.08,111.97,107.58,4.39,6,1
2014,Cleveland Cavaliers,24.9,32.0,50.0,-0.57,-3.86,93.1,0.268,0.236,0.518,0.479,13.0,27.2,0.201,0.508,13.0,75.8,0.199,710522.0,17330.0,33,49,0.402,-3.86,104.92,109.07,-4.16,23,0
2013,Cleveland Cavaliers,24.1,28.0,54.0,-0.19,-4.87,92.3,0.265,0.229,0.514,0.473,13.0,28.1,0.2,0.523,14.4,72.6,0.225,663882.0,16192.0,24,58,0.293,-4.87,105.24,110.52,-5.28,27,0
2012,Cleveland Cavaliers,26.0,17.0,49.0,-0.14,-7.34,91.3,0.307,0.238,0.505,0.463,14.3,28.9,0.22,0.508,13.1,72.2,0.202,525577.0,15927.0,21,45,0.318,-7.34,102.06,110.14,-8.08,29,0
2011,Cleveland Cavaliers,26.6,18.0,64.0,0.14,-8.88,93.0,0.312,0.224,0.518,0.472,13.4,24.2,0.233,0.524,12.7,73.3,0.211,824595.0,20112.0,19,63,0.232,-8.88,103.02,112.69,-9.67,30,0
2022,Dallas Mavericks,26.7,50.0,32.0,-0.18,3.12,95.4,0.249,0.439,0.572,0.538,11.7,21.3,0.192,0.521,12.2,78.0,0.185,808037.0,19708.0,52,30,0.634,3.12,113.76,110.41,3.35,7,0
2021,Dallas Mavericks,26.3,41.0,31.0,-0.01,2.26,97.3,0.242,0.436,0.582,0.55,11.1,21.1,0.189,0.534,11.5,77.8,0.197,94849.0,2635.0,42,30,0.583,2.26,116.18,113.8,2.38,9,0
2020,Dallas Mavericks,26.1,49.0,26.0,-0.07,4.87,99.3,0.264,0.457,0.581,0.545,11.2,23.2,0.206,0.525,10.6,77.7,0.175,682096.0,20062.0,43,32,0.573,4.87,117.41,112.52,4.9,6,1
2019,Dallas Mavericks,26.9,38.0,44.0,0.42,-0.87,99.0,0.291,0.422,0.555,0.519,12.7,22.7,0.216,0.522,11.6,77.5,0.191,820569.0,20014.0,33,49,0.402,-0.86,110.29,111.08,-0.79,19,0
2018,Dallas Mavericks,27.7,33.0,49.0,0.34,-2.7,95.6,0.217,0.382,0.544,0.513,11.6,18.0,0.166,0.532,12.9,78.9,0.193,811453.0,19792.0,24,58,0.293,-2.7,106.96,109.7,-2.74,22,0
2017,Dallas Mavericks,27.6,33.0,49.0,0.4,-2.53,92.2,0.225,0.366,0.541,0.505,11.6,18.1,0.18,0.529,14.4,77.6,0.218,811366.0,19789.0,33,49,0.402,-2.52,106.31,108.96,-2.65,23,0
2016,Dallas Mavericks,30.3,40.0,42.0,0.29,-0.02,94.3,0.265,0.339,0.544,0.502,12.0,20.6,0.211,0.504,12.8,76.2,0.198,825901.0,20144.0,42,40,0.512,-0.02,107.24,107.13,0.11,16,1
2015,Dallas Mavericks,29.9,49.0,33.0,0.46,3.36,95.2,0.262,0.296,0.55,0.515,11.9,23.6,0.197,0.503,14.7,72.2,0.204,827702.0,20188.0,50,32,0.61,3.36,110.51,106.87,3.64,9,1
2014,Dallas Mavericks,30.6,48.0,34.0,0.5,2.91,93.5,0.253,0.274,0.564,0.526,12.7,24.6,0.201,0.515,14.8,72.7,0.229,817982.0,19951.0,49,33,0.598,2.9,112.16,108.95,3.21,9,1
2013,Dallas Mavericks,29.5,39.0,43.0,0.36,-0.24,94.1,0.242,0.236,0.544,0.506,13.0,21.8,0.192,0.492,13.3,73.1,0.227,821490.0,20036.0,41,41,0.5,-0.24,106.74,106.82,-0.09,15,0
2012,Dallas Mavericks,31.3,35.0,31.0,0.83,1.78,91.4,0.246,0.271,0.527,0.489,13.4,23.4,0.19,0.479,13.9,74.8,0.203,671050.0,20335.0,36,30,0.545,1.78,104.04,102.07,1.97,14,1
2011,Dallas Mavericks,30.9,53.0,29.0,0.18,4.41,91.3,0.286,0.274,0.565,0.525,13.6,24.1,0.222,0.488,13.0,74.8,0.206,824162.0,20102.0,57,25,0.695,4.41,110.08,105.4,4.68,8,1
2022,Denver Nuggets,27.7,47.0,35.0,-0.15,2.16,97.8,0.244,0.416,0.59,0.556,13.2,21.9,0.194,0.537,11.7,78.3,0.188,695262.0,16958.0,48,34,0.585,2.16,115.25,113.08,2.17,12,0
2021,Denver Nuggets,26.1,47.0,25.0,-0.11,4.82,97.1,0.219,0.383,0.588,0.557,12.1,24.7,0.176,0.545,12.9,78.9,0.2,54563.0,1516.0,47,25,0.653,4.82,118.02,113.1,4.92,6,0
2020,Denver Nuggets,25.6,41.0,32.0,0.24,2.35,97.1,0.235,0.344,0.567,0.535,12.3,24.8,0.183,0.533,12.9,76.8,0.198,633153.0,19186.0,46,27,0.63,2.35,114.06,111.66,2.4,11,1
2019,Denver Nuggets,24.9,51.0,31.0,0.24,4.19,97.7,0.232,0.348,0.558,0.527,11.9,26.6,0.175,0.521,12.3,78.0,0.194,756457.0,18450.0,54,28,0.659,4.2,113.74,109.35,4.39,7,1
2018,Denver Nuggets,25.1,45.0,37.0,0.09,1.57,96.8,0.258,0.357,0.57,0.536,13.4,25.7,0.198,0.539,12.6,77.5,0.173,702796.0,17141.0,46,36,0.561,1.57,113.21,111.5,1.71,11,0
2017,Denver Nuggets,25.2,42.0,40.0,0.19,0.7,98.3,0.276,0.329,0.568,0.53,13.2,27.3,0.214,0.532,10.9,78.7,0.194,605585.0,14672.0,40,42,0.488,0.7,114.06,113.39,0.67,13,0
2016,Denver Nuggets,24.7,33.0,49.0,0.29,-2.81,95.7,0.282,0.277,0.531,0.489,13.2,25.8,0.216,0.515,12.6,77.3,0.216,577898.0,14095.0,33,49,0.402,-2.81,106.24,109.17,-2.94,22,0
2015,Denver Nuggets,26.4,31.0,51.0,0.48,-3.07,96.1,0.278,0.284,0.518,0.479,12.7,26.6,0.204,0.504,13.0,74.7,0.239,602707.0,14700.0,30,52,0.366,-3.07,105.16,108.22,-3.07,21,0
2014,Denver Nuggets,26.0,35.0,47.0,0.75,-1.4,98.1,0.306,0.278,0.536,0.497,14.0,27.5,0.222,0.5,12.8,74.5,0.233,692898.0,16900.0,36,46,0.439,-1.4,106.75,108.17,-1.43,19,0
2013,Denver Nuggets,26.1,55.0,27.0,0.28,5.37,95.1,0.308,0.217,0.549,0.515,13.6,31.4,0.216,0.493,14.3,71.8,0.193,730616.0,17820.0,57,25,0.695,5.37,111.34,105.76,5.58,5,1
2012,Denver Nuggets,26.6,39.0,27.0,0.29,3.16,94.2,0.326,0.243,0.556,0.516,14.1,27.7,0.239,0.508,14.3,74.3,0.185,561966.0,17029.0,38,28,0.576,3.16,109.94,106.63,3.31,6,1
2011,Denver Nuggets,27.3,54.0,28.0,0.05,4.81,95.6,0.367,0.258,0.574,0.526,13.1,23.9,0.281,0.5,12.7,75.4,0.224,696568.0,16989.0,50,32,0.61,4.81,112.73,107.84,4.89,7,1
2022,Detroit Pistons,23.6,22.0,60.0,0.37,-7.36,98.4,0.249,0.391,0.533,0.494,12.6,23.4,0.194,0.541,13.1,75.6,0.226,663556.0,16184.0,23,59,0.28,-7.35,107.02,114.36,-7.34,26,0
2021,Detroit Pistons,24.5,26.0,46.0,0.09,-4.38,97.9,0.273,0.385,0.556,0.519,13.5,21.9,0.207,0.541,12.6,76.9,0.195,14250.0,396.0,20,52,0.278,-4.38,108.93,113.48,-4.55,25,0
2020,Detroit Pistons,25.9,26.0,40.0,-0.82,-4.38,97.6,0.261,0.381,0.561,0.529,13.8,22.6,0.194,0.541,12.7,75.9,0.186,509469.0,15294.0,20,46,0.303,-4.38,109.77,114.23,-4.45,24,0
2019,Detroit Pistons,26.9,40.0,42.0,-0.31,-0.56,97.4,0.262,0.394,0.544,0.509,12.3,24.8,0.195,0.526,12.8,78.7,0.211,675963.0,16487.0,41,41,0.5,-0.55,109.86,110.38,-0.53,17,1
2018,Detroit Pistons,25.9,41.0,41.0,-0.11,-0.26,96.2,0.227,0.333,0.543,0.512,12.3,22.7,0.169,0.524,13.7,78.5,0.172,713945.0,17413.0,39,43,0.476,-0.26,107.84,108.14,-0.3,19,0
2017,Detroit Pistons,25.4,38.0,44.0,-0.17,-1.29,95.0,0.218,0.263,0.521,0.492,10.9,24.1,0.157,0.516,12.1,81.2,0.197,655141.0,15979.0,37,45,0.451,-1.29,106.39,107.93,-1.54,21,0
2016,Detroit Pistons,25.0,43.0,39.0,-0.18,0.43,95.1,0.296,0.303,0.522,0.491,12.2,27.0,0.197,0.504,12.5,79.3,0.196,677138.0,16516.0,44,38,0.537,0.43,106.88,106.48,0.4,14,1
2015,Detroit Pistons,25.9,38.0,44.0,-0.39,-1.39,92.8,0.261,0.29,0.515,0.482,12.3,27.7,0.184,0.502,13.2,75.0,0.192,625917.0,15266.0,32,50,0.39,-1.39,106.23,107.77,-1.54,20,0
2014,Detroit Pistons,24.7,31.0,51.0,-0.48,-4.13,94.9,0.296,0.222,0.514,0.482,12.9,31.4,0.199,0.52,13.8,73.4,0.218,616005.0,15025.0,29,53,0.354,-4.14,106.66,111.07,-4.41,24,0
2013,Detroit Pistons,25.3,29.0,53.0,-0.34,-4.33,90.8,0.282,0.217,0.521,0.487,14.3,28.3,0.197,0.505,13.1,73.0,0.209,606094.0,14685.0,29,53,0.354,-4.32,104.56,109.37,-4.82,26,0
2012,Detroit Pistons,26.3,22.0,44.0,-0.4,-5.19,89.2,0.279,0.175,0.51,0.468,15.0,28.1,0.21,0.5,14.2,72.8,0.226,475638.0,14413.0,25,41,0.379,-5.18,102.33,108.11,-5.78,27,0
2011,Detroit Pistons,27.2,31.0,51.0,-0.18,-3.78,89.2,0.279,0.189,0.533,0.495,12.5,27.4,0.206,0.526,13.8,72.1,0.235,683080.0,16660.0,30,52,0.366,-3.78,108.65,112.98,-4.33,23,0
2022,Golden State Warriors,27.6,55.0,27.0,-0.02,5.52,98.4,0.235,0.456,0.582,0.552,13.5,22.8,0.181,0.509,13.0,78.7,0.201,740624.0,18064.0,53,29,0.646,5.52,113.24,107.62,5.62,4,0
2021,Golden State Warriors,26.7,38.0,34.0,0.04,1.1,102.2,0.239,0.439,0.583,0.551,13.3,17.9,0.188,0.522,13.1,76.6,0.223,33457.0,929.0,39,33,0.542,1.1,111.61,110.47,1.14,14,0
2020,Golden State Warriors,24.4,16.0,49.0,0.59,-8.12,100.3,0.264,0.355,0.54,0.497,13.2,21.5,0.212,0.553,13.7,76.4,0.193,614176.0,18064.0,15,50,0.231,-8.12,105.98,114.11,-8.13,30,0
2019,Golden State Warriors,28.4,56.0,26.0,-0.04,6.42,100.9,0.227,0.384,0.596,0.565,12.6,22.5,0.182,0.508,11.7,77.1,0.205,803436.0,19596.0,57,25,0.695,6.42,116.6,110.24,6.37,2,1
2018,Golden State Warriors,28.8,56.0,26.0,-0.19,5.79,99.6,0.239,0.339,0.603,0.569,14.1,21.0,0.195,0.504,12.6,76.3,0.186,803436.0,19596.0,58,24,0.707,5.79,114.33,108.62,5.7,3,1
2017,Golden State Warriors,28.2,67.0,15.0,-0.28,11.35,99.8,0.259,0.359,0.597,0.563,13.2,22.8,0.204,0.486,13.5,74.9,0.198,803436.0,19596.0,67,15,0.817,11.35,116.02,104.61,11.41,1,1
2016,Golden State Warriors,27.4,65.0,17.0,-0.38,10.38,99.3,0.25,0.362,0.593,0.563,13.5,23.5,0.191,0.479,12.6,76.0,0.208,803436.0,19596.0,73,9,0.89,10.38,115.01,104.53,10.49,2,1
2015,Golden State Warriors,26.6,65.0,17.0,-0.09,10.01,98.3,0.239,0.311,0.571,0.54,13.1,24.1,0.184,0.47,14.3,74.5,0.217,803436.0,19596.0,67,15,0.817,10.01,111.9,101.67,10.23,1,1
2014,Golden State Warriors,26.3,54.0,28.0,0.34,5.15,96.2,0.247,0.291,0.55,0.517,13.8,25.1,0.186,0.477,13.6,76.3,0.224,803436.0,19596.0,51,31,0.622,5.15,107.93,102.59,5.34,4,1
2013,Golden State Warriors,25.3,44.0,38.0,0.42,1.32,94.5,0.255,0.239,0.545,0.506,14.0,25.4,0.201,0.486,12.4,75.5,0.211,794320.0,19374.0,47,35,0.573,1.32,107.13,105.61,1.52,11,1
2012,Golden State Warriors,25.3,25.0,41.0,0.62,-2.79,92.3,0.227,0.248,0.539,0.505,13.3,22.9,0.175,0.496,13.6,69.1,0.237,622311.0,18858.0,23,43,0.348,-2.79,106.0,109.01,-3.01,22,0
2011,Golden State Warriors,25.2,35.0,47.0,0.33,-2.0,94.8,0.241,0.248,0.544,0.51,13.3,26.7,0.183,0.509,14.5,69.3,0.259,766398.0,18693.0,36,46,0.439,-2.0,109.0,111.08,-2.08,21,0
2022,Houston Rockets,24.1,21.0,61.0,0.22,-8.26,100.9,0.284,0.448,0.565,0.534,14.5,21.7,0.202,0.554,12.3,74.4,0.206,638977.0,15585.0,20,62,0.244,-8.26,109.47,117.75,-8.28,29,0
2021,Houston Rockets,26.5,20.0,52.0,0.4,-7.5,101.4,0.252,0.459,0.553,0.521,13.0,19.8,0.187,0.555,12.9,77.1,0.201,117009.0,3250.0,17,55,0.236,-7.5,107.93,115.35,-7.42,27,0
2020,Houston Rockets,29.2,42.0,30.0,0.17,3.13,103.7,0.288,0.501,0.578,0.537,12.6,21.0,0.228,0.529,13.7,75.6,0.197,578458.0,18077.0,44,28,0.611,3.13,113.68,110.59,3.08,7,1
2019,Houston Rockets,29.2,53.0,29.0,0.19,4.96,97.9,0.279,0.519,0.581,0.542,12.0,22.8,0.221,0.525,13.4,74.4,0.21,740392.0,18058.0,53,29,0.646,4.97,116.45,111.43,5.03,5,1
2018,Houston Rockets,29.8,61.0,21.0,-0.27,8.21,97.6,0.298,0.502,0.59,0.551,12.7,21.3,0.233,0.521,13.4,79.9,0.171,732722.0,17871.0,65,17,0.793,8.21,115.45,107.08,8.37,1,1
2017,Houston Rockets,27.4,55.0,27.0,0.08,5.84,100.0,0.304,0.462,0.583,0.545,13.3,24.6,0.233,0.519,13.2,75.8,0.194,695903.0,16973.0,55,27,0.671,5.84,115.7,109.98,5.72,3,1
2016,Houston Rockets,27.8,42.0,40.0,0.14,0.34,97.6,0.352,0.37,0.553,0.516,14.2,25.7,0.244,0.516,14.7,72.8,0.219,737244.0,17982.0,41,41,0.5,0.34,109.26,108.96,0.3,15,1
2015,Houston Rockets,27.6,50.0,32.0,0.38,3.82,96.5,0.312,0.392,0.548,0.512,15.0,26.8,0.223,0.486,14.6,72.9,0.208,747412.0,18230.0,56,26,0.683,3.82,107.86,103.85,4.01,7,1
2014,Houston Rockets,25.4,53.0,29.0,0.5,5.06,96.3,0.386,0.33,0.571,0.531,14.6,27.4,0.275,0.489,12.5,74.1,0.193,743082.0,18124.0,54,28,0.659,5.06,111.82,106.65,5.17,5,1
2013,Houston Rockets,24.4,50.0,32.0,0.22,3.69,96.1,0.308,0.349,0.564,0.525,14.9,26.4,0.232,0.502,13.5,75.2,0.196,683564.0,16672.0,45,37,0.549,3.69,110.51,106.52,3.99,8,1
2012,Houston Rockets,26.2,34.0,32.0,0.35,0.57,91.7,0.235,0.24,0.529,0.492,13.5,27.5,0.184,0.49,13.8,73.4,0.21,506994.0,15363.0,34,32,0.515,0.57,106.27,105.58,0.69,16,0
2011,Houston Rockets,26.5,47.0,35.0,0.19,2.37,94.2,0.299,0.264,0.55,0.503,12.3,27.4,0.239,0.5,12.6,72.7,0.219,663839.0,16191.0,43,39,0.524,2.37,112.07,109.51,2.56,11,0
2022,Indiana Pacers,26.0,32.0,50.0,0.22,-3.26,98.0,0.239,0.395,0.564,0.531,12.7,25.5,0.184,0.552,11.9,76.2,0.204,588743.0,14360.0,25,57,0.305,-3.26,113.74,117.03,-3.28,23,0
2021,Indiana Pacers,26.5,36.0,36.0,-0.08,-0.13,101.6,0.227,0.372,0.575,0.542,11.9,20.2,0.18,0.531,12.7,74.9,0.201,0.0,0.0,34,38,0.472,-0.12,112.99,113.07,-0.08,17,0
2020,Indiana Pacers,25.6,41.0,32.0,-0.33,1.63,98.9,0.216,0.317,0.565,0.534,12.0,20.0,0.17,0.511,13.0,76.7,0.192,529002.0,16531.0,45,28,0.616,1.63,110.94,109.17,1.77,13,1
2019,Indiana Pacers,27.0,50.0,32.0,-0.57,2.76,98.1,0.242,0.292,0.561,0.53,12.4,21.9,0.182,0.516,14.1,76.2,0.184,689310.0,16812.0,48,34,0.585,2.76,110.31,107.5,2.8,10,1
2018,Indiana Pacers,26.2,45.0,37.0,-0.2,1.18,96.0,0.222,0.284,0.557,0.525,12.3,22.7,0.173,0.527,14.2,76.2,0.174,658119.0,16052.0,48,34,0.585,1.18,110.17,108.94,1.24,13,1
2017,Indiana Pacers,27.0,40.0,42.0,-0.42,-0.64,95.9,0.261,0.272,0.558,0.516,12.8,21.2,0.212,0.512,13.6,75.5,0.225,684578.0,16697.0,42,40,0.512,-0.64,109.21,109.81,-0.6,18,1
2016,Indiana Pacers,26.9,46.0,36.0,-0.09,1.62,96.6,0.268,0.27,0.536,0.497,13.5,23.4,0.205,0.489,14.3,76.0,0.205,690733.0,16847.0,45,37,0.549,1.62,105.26,103.58,1.68,11,1
2015,Indiana Pacers,28.3,42.0,40.0,-0.51,-0.23,93.2,0.266,0.255,0.523,0.484,13.1,24.0,0.201,0.478,12.0,77.9,0.217,691434.0,16864.0,38,44,0.463,-0.22,104.34,104.48,-0.14,16,0
2014,Indiana Pacers,27.2,54.0,28.0,-0.77,3.63,92.5,0.29,0.235,0.535,0.49,14.3,24.9,0.226,0.46,12.9,76.8,0.197,717542.0,17501.0,56,26,0.683,3.63,104.25,100.42,3.83,8,1
2013,Indiana Pacers,25.7,52.0,29.0,-0.69,3.34,90.2,0.293,0.245,0.521,0.479,14.3,30.3,0.219,0.453,12.9,74.6,0.197,626069.0,15270.0,49,32,0.605,3.34,104.48,100.89,3.59,9,1
2012,Indiana Pacers,26.3,41.0,25.0,-0.71,2.6,90.7,0.321,0.198,0.526,0.474,13.1,29.2,0.251,0.476,14.1,72.3,0.222,467561.0,14169.0,42,24,0.636,2.59,107.68,104.77,2.91,8,1
2011,Indiana Pacers,25.9,38.0,44.0,-0.3,-1.38,94.7,0.3,0.244,0.533,0.486,14.1,25.9,0.235,0.487,12.8,74.1,0.237,555077.0,13538.0,37,45,0.451,-1.37,105.54,107.07,-1.53,19,1
2022,Los Angeles Clippers,27.5,41.0,41.0,0.06,0.09,98.0,0.224,0.391,0.564,0.531,12.5,20.6,0.178,0.514,12.0,74.4,0.167,694005.0,16927.0,42,40,0.512,0.09,110.85,110.85,0.0,18,0
2021,Los Angeles Clippers,28.8,49.0,23.0,-0.16,6.02,96.9,0.222,0.4,0.599,0.564,12.2,22.7,0.186,0.531,11.9,79.1,0.186,13901.0,386.0,47,25,0.653,6.02,118.34,112.23,6.11,2,0
2020,Los Angeles Clippers,27.4,50.0,22.0,0.21,6.66,101.5,0.295,0.375,0.577,0.535,12.6,23.5,0.233,0.506,12.2,77.6,0.206,610176.0,19068.0,49,23,0.681,6.66,114.56,107.94,6.62,2,1
2019,Los Angeles Clippers,27.2,43.0,39.0,0.23,1.09,101.7,0.326,0.295,0.575,0.529,12.7,22.0,0.258,0.514,11.4,76.0,0.224,710327.0,17325.0,48,34,0.585,1.09,113.29,112.22,1.06,13,1
2018,Los Angeles Clippers,27.0,41.0,41.0,0.11,0.15,98.7,0.299,0.314,0.564,0.527,13.2,23.5,0.222,0.52,12.6,76.1,0.203,697812.0,17020.0,42,40,0.512,0.15,111.06,111.0,0.07,17,0
2017,Los Angeles Clippers,30.0,52.0,30.0,0.13,4.42,96.1,0.312,0.329,0.574,0.537,12.0,21.5,0.233,0.506,12.1,76.9,0.211,782609.0,19088.0,51,31,0.622,4.42,113.46,108.82,4.64,4,1
2016,Los Angeles Clippers,29.7,53.0,29.0,-0.15,4.13,95.8,0.318,0.324,0.556,0.524,12.1,20.1,0.22,0.48,13.8,73.8,0.222,786910.0,19193.0,53,29,0.646,4.13,108.69,104.39,4.31,6,1
2015,Los Angeles Clippers,28.8,58.0,24.0,0.22,6.8,94.7,0.303,0.322,0.565,0.533,11.6,22.8,0.215,0.493,13.2,75.7,0.231,785892.0,19168.0,56,26,0.683,6.8,113.35,106.14,7.21,2,1
2014,Los Angeles Clippers,28.1,59.0,23.0,0.3,7.27,95.9,0.353,0.291,0.567,0.526,12.7,25.0,0.258,0.484,13.8,72.5,0.222,787692.0,19212.0,57,25,0.695,7.27,112.88,105.33,7.56,2,1
2013,Los Angeles Clippers,28.8,59.0,23.0,-0.02,6.43,91.1,0.286,0.265,0.557,0.526,13.9,28.8,0.203,0.492,15.4,73.5,0.229,788293.0,19227.0,56,26,0.683,6.43,111.58,104.44,7.13,4,1
2012,Los Angeles Clippers,27.3,39.0,27.0,0.26,2.82,89.2,0.287,0.269,0.533,0.502,12.7,29.5,0.195,0.492,14.2,73.2,0.245,634237.0,19219.0,40,26,0.606,2.82,109.26,106.18,3.09,7,1
2011,Los Angeles Clippers,24.6,32.0,50.0,0.42,-2.71,92.8,0.332,0.23,0.535,0.496,15.1,28.4,0.234,0.499,12.8,73.2,0.25,727462.0,17743.0,32,50,0.39,-2.71,106.23,109.31,-3.08,22,0
2022,Los Angeles Lakers,30.2,33.0,49.0,-0.03,-3.08,100.1,0.259,0.388,0.567,0.537,12.8,21.1,0.19,0.54,12.2,75.8,0.192,764631.0,18650.0,33,49,0.402,-3.08,111.22,114.3,-3.07,22,0
2021,Los Angeles Lakers,28.2,42.0,30.0,-0.03,2.77,98.7,0.271,0.363,0.569,0.536,13.6,22.5,0.2,0.526,13.7,79.7,0.184,23313.0,648.0,42,30,0.583,2.76,110.28,107.6,2.67,8,0
2020,Los Angeles Lakers,29.5,48.0,23.0,0.49,6.28,100.9,0.276,0.358,0.573,0.542,13.3,24.5,0.201,0.515,14.1,78.8,0.205,588907.0,18997.0,52,19,0.732,6.28,112.83,106.68,6.16,3,1
2019,Los Angeles Lakers,26.2,37.0,45.0,0.39,-1.33,103.2,0.257,0.342,0.554,0.527,13.4,22.2,0.18,0.516,12.2,76.4,0.192,778877.0,18997.0,37,45,0.451,-1.32,108.46,109.71,-1.26,22,0
2018,Los Angeles Lakers,23.7,37.0,45.0,0.11,-1.44,100.3,0.264,0.329,0.548,0.517,13.8,23.6,0.188,0.514,12.5,77.7,0.19,776327.0,18935.0,35,47,0.427,-1.43,106.96,108.39,-1.43,21,0
2017,Los Angeles Lakers,25.1,24.0,58.0,0.58,-6.29,98.5,0.259,0.295,0.537,0.501,13.5,25.0,0.195,0.542,13.0,75.8,0.213,776917.0,18949.0,26,56,0.317,-6.29,106.96,113.38,-6.42,28,0
2016,Los Angeles Lakers,26.5,17.0,65.0,0.64,-8.92,95.6,0.292,0.29,0.509,0.46,12.5,23.1,0.228,0.523,11.6,74.7,0.202,778877.0,18997.0,17,65,0.207,-8.92,102.49,111.92,-9.43,29,0
2015,Los Angeles Lakers,27.0,23.0,59.0,0.67,-6.17,94.0,0.276,0.22,0.513,0.473,12.1,25.4,0.204,0.518,12.1,76.3,0.231,768244.0,18738.0,21,61,0.256,-6.17,104.26,110.9,-6.65,27,0
2014,Los Angeles Lakers,26.8,25.0,57.0,0.96,-5.33,98.7,0.263,0.291,0.542,0.505,13.7,20.2,0.199,0.513,12.4,71.0,0.192,771974.0,18829.0,27,55,0.329,-5.33,105.23,110.38,-5.15,25,0
2013,Los Angeles Lakers,30.7,44.0,38.0,0.32,1.48,94.4,0.345,0.303,0.548,0.512,13.9,27.0,0.239,0.496,11.9,74.3,0.163,778877.0,18997.0,45,37,0.549,1.48,108.48,106.86,1.62,10,1
2012,Los Angeles Lakers,29.7,36.0,30.0,0.54,1.96,90.5,0.299,0.209,0.534,0.491,14.2,29.1,0.226,0.476,10.7,74.8,0.158,626901.0,18997.0,41,25,0.621,1.96,106.6,104.45,2.15,13,1
2011,Los Angeles Lakers,30.2,58.0,24.0,-0.1,6.01,90.7,0.293,0.22,0.545,0.502,12.3,29.2,0.228,0.477,12.8,72.3,0.181,778877.0,18997.0,57,25,0.695,6.01,111.4,104.89,6.51,3,1
2022,Memphis Grizzlies,24.0,55.0,27.0,-0.32,5.37,100.3,0.245,0.346,0.553,0.522,11.2,30.0,0.18,0.523,13.3,77.8,0.195,646785.0,15775.0,56,26,0.683,5.37,115.38,110.14,5.24,5,0
2021,Memphis Grizzlies,24.2,38.0,34.0,0.04,1.07,100.4,0.232,0.342,0.56,0.528,11.6,24.2,0.179,0.535,13.1,78.3,0.196,61449.0,1707.0,38,34,0.528,1.07,112.69,111.63,1.06,15,0
2020,Memphis Grizzlies,24.1,34.0,39.0,0.16,-0.91,102.8,0.24,0.346,0.561,0.528,13.2,23.0,0.183,0.521,12.7,77.8,0.217,523297.0,15857.0,34,39,0.466,-0.91,109.87,110.65,-0.78,18,0
2019,Memphis Grizzlies,27.7,34.0,48.0,0.51,-2.08,96.6,0.272,0.342,0.548,0.508,12.9,20.0,0.21,0.521,13.9,77.6,0.232,638332.0,15569.0,33,49,0.402,-2.08,106.93,109.09,-2.17,24,0
2018,Memphis Grizzlies,26.0,25.0,57.0,0.39,-5.81,94.9,0.255,0.317,0.539,0.5,14.0,22.4,0.201,0.529,13.8,76.5,0.256,653863.0,15948.0,22,60,0.268,-5.81,105.44,111.59,-6.15,27,0
2017,Memphis Grizzlies,29.5,42.0,40.0,0.47,0.96,92.3,0.28,0.316,0.535,0.491,12.1,24.8,0.219,0.506,13.6,77.5,0.256,677314.0,16520.0,43,39,0.524,0.96,108.71,107.55,1.17,11,1
2016,Memphis Grizzlies,30.5,35.0,47.0,0.11,-2.14,93.3,0.295,0.222,0.524,0.477,12.3,25.3,0.231,0.518,15.2,75.1,0.251,701894.0,17119.0,42,40,0.512,-2.13,106.23,108.45,-2.22,20,1
2015,Memphis Grizzlies,29.6,50.0,32.0,0.38,3.62,92.0,0.276,0.184,0.531,0.489,12.6,24.7,0.214,0.492,14.5,75.3,0.183,710502.0,17329.0,55,27,0.671,3.62,106.35,102.41,3.94,8,1
2014,Memphis Grizzlies,28.5,46.0,36.0,0.61,2.18,89.9,0.248,0.171,0.529,0.494,13.1,28.3,0.184,0.497,13.8,75.7,0.199,685458.0,16718.0,50,32,0.61,2.17,107.18,104.89,2.29,13,1
2013,Memphis Grizzlies,27.0,54.0,28.0,0.18,4.32,88.4,0.261,0.166,0.514,0.472,13.3,31.0,0.202,0.475,15.2,74.3,0.209,681613.0,16625.0,56,26,0.683,4.33,105.72,100.79,4.93,6,1
2012,Memphis Grizzlies,25.6,38.0,28.0,0.42,2.43,90.8,0.277,0.157,0.515,0.473,13.6,29.8,0.211,0.485,16.3,72.7,0.227,518446.0,15710.0,41,25,0.621,2.43,104.59,101.89,2.7,11,1
2011,Memphis Grizzlies,25.2,48.0,34.0,0.2,2.55,91.9,0.291,0.136,0.534,0.493,13.0,28.9,0.218,0.502,15.7,72.5,0.228,600687.0,14651.0,46,36,0.561,2.55,108.42,105.65,2.77,10,1
2022,Miami Heat,28.2,53.0,29.0,-0.22,4.23,95.9,0.252,0.422,0.584,0.547,13.4,23.5,0.204,0.524,13.8,78.0,0.209,804761.0,19628.0,53,29,0.646,4.23,114.61,110.21,4.4,6,0
2021,Miami Heat,27.4,36.0,36.0,-0.09,-0.06,96.6,0.252,0.432,0.581,0.546,13.1,19.4,0.199,0.542,13.8,77.9,0.183,0.0,0.0,40,32,0.556,-0.06,112.09,112.06,0.03,16,0
2020,Miami Heat,25.9,43.0,30.0,-0.35,2.59,98.3,0.299,0.419,0.587,0.547,13.5,20.3,0.234,0.523,12.6,79.5,0.213,629771.0,19680.0,44,29,0.603,2.59,113.22,110.65,2.58,9,1
2019,Miami Heat,27.0,40.0,42.0,-0.22,-0.45,98.2,0.247,0.368,0.542,0.515,13.1,24.8,0.172,0.51,12.7,77.6,0.201,805264.0,19641.0,39,43,0.476,-0.45,108.03,108.39,-0.36,15,0
2018,Miami Heat,26.5,42.0,40.0,-0.33,0.15,95.6,0.229,0.358,0.551,0.52,13.3,21.5,0.173,0.507,13.1,79.0,0.215,804850.0,19630.0,44,38,0.537,0.15,107.47,107.28,0.18,16,1
2017,Miami Heat,26.5,44.0,38.0,-0.29,0.77,95.2,0.251,0.314,0.541,0.512,12.4,24.2,0.177,0.496,12.6,76.4,0.22,805400.0,19644.0,41,41,0.5,0.78,108.62,107.84,0.79,12,0
2016,Miami Heat,28.4,46.0,36.0,-0.14,1.5,93.6,0.282,0.221,0.545,0.508,13.3,23.8,0.21,0.485,12.1,77.8,0.196,809350.0,19740.0,48,34,0.585,1.5,107.08,105.56,1.52,12,1
2015,Miami Heat,28.5,33.0,49.0,-0.32,-2.92,90.9,0.306,0.262,0.54,0.5,14.5,23.2,0.227,0.505,14.2,73.4,0.213,808223.0,19713.0,37,45,0.451,-2.92,104.99,108.36,-3.37,24,0
2014,Miami Heat,30.6,54.0,28.0,-0.61,4.15,91.2,0.3,0.292,0.59,0.554,14.6,20.6,0.228,0.511,15.8,73.0,0.212,811036.0,19781.0,54,28,0.659,4.15,112.15,107.42,4.73,6,1
2013,Miami Heat,30.3,62.0,20.0,-0.84,7.03,90.7,0.297,0.285,0.588,0.552,13.7,22.2,0.224,0.487,14.8,73.0,0.2,819290.0,19983.0,66,16,0.805,7.03,113.28,105.53,7.75,2,1
2012,Miami Heat,28.3,47.0,19.0,-0.27,5.72,91.2,0.307,0.198,0.549,0.505,14.5,26.6,0.238,0.479,15.8,73.9,0.2,657855.0,19935.0,46,20,0.697,5.72,107.97,101.71,6.26,4,1
2011,Miami Heat,29.0,61.0,21.0,-0.71,6.76,90.9,0.363,0.235,0.573,0.524,13.5,25.2,0.279,0.475,12.6,75.5,0.223,810930.0,19779.0,58,24,0.707,6.76,112.43,104.94,7.49,1,1
2022,Milwaukee Bucks,28.5,49.0,33.0,-0.14,3.22,99.9,0.257,0.43,0.58,0.546,11.9,23.0,0.199,0.536,11.6,78.6,0.165,715581.0,17453.0,51,31,0.622,3.22,115.86,112.67,3.18,8,0
2021,Milwaukee Bucks,28.1,48.0,24.0,-0.32,5.57,102.2,0.233,0.404,0.593,0.566,12.0,23.3,0.177,0.536,11.5,79.7,0.157,64780.0,1799.0,46,26,0.639,5.57,117.67,112.34,5.33,4,0
2020,Milwaukee Bucks,29.2,57.0,16.0,-0.67,9.41,105.1,0.271,0.428,0.583,0.552,12.9,20.7,0.201,0.489,12.0,81.6,0.178,549036.0,17711.0,56,17,0.767,9.41,112.69,103.73,8.96,1,1
2019,Milwaukee Bucks,26.9,61.0,21.0,-0.82,8.04,103.3,0.255,0.419,0.583,0.55,12.0,20.8,0.197,0.503,11.5,80.3,0.162,721692.0,17602.0,60,22,0.732,8.05,113.89,106.23,7.66,1,1
2018,Milwaukee Bucks,25.9,40.0,42.0,-0.15,-0.45,96.2,0.281,0.297,0.571,0.531,12.9,20.4,0.22,0.528,14.2,75.9,0.22,685303.0,16856.0,44,38,0.537,-0.45,110.7,111.16,-0.46,20,1
2017,Milwaukee Bucks,25.6,40.0,42.0,-0.26,-0.45,94.5,0.274,0.29,0.565,0.527,13.2,21.5,0.21,0.518,13.6,75.4,0.215,648952.0,15828.0,42,40,0.512,-0.44,109.96,110.46,-0.5,17,1
2016,Milwaukee Bucks,23.5,29.0,53.0,0.2,-3.98,94.2,0.276,0.189,0.537,0.499,14.2,24.9,0.207,0.51,14.2,73.1,0.221,621808.0,15166.0,33,49,0.402,-3.98,105.32,109.69,-4.37,26,0
2015,Milwaukee Bucks,24.6,42.0,40.0,-0.52,-0.09,94.1,0.258,0.223,0.536,0.499,15.5,25.4,0.195,0.487,15.9,73.3,0.221,593910.0,14813.0,41,41,0.5,-0.09,103.33,103.49,-0.16,17,1
2014,Milwaukee Bucks,24.7,20.0,62.0,-0.23,-8.41,91.8,0.274,0.231,0.519,0.479,14.1,27.1,0.204,0.52,13.2,71.4,0.225,552067.0,13465.0,15,67,0.183,-8.41,103.88,113.1,-9.23,29,0
2013,Milwaukee Bucks,26.4,37.0,45.0,-0.33,-1.83,94.7,0.236,0.232,0.51,0.476,12.7,27.9,0.174,0.492,14.4,71.3,0.201,616469.0,15036.0,38,44,0.463,-1.82,104.2,106.29,-2.09,20,1
2012,Milwaukee Bucks,26.2,34.0,32.0,-0.5,-0.23,93.7,0.25,0.224,0.521,0.481,12.9,27.7,0.194,0.489,14.6,70.9,0.217,485717.0,14719.0,31,35,0.47,-0.23,106.13,106.34,-0.21,19,0
2011,Milwaukee Bucks,26.7,38.0,44.0,-0.17,-1.02,89.8,0.287,0.216,0.511,0.467,13.0,24.7,0.217,0.481,14.7,74.8,0.236,631912.0,15412.0,35,47,0.427,-1.01,102.29,103.48,-1.18,17,0
2022,Minnesota Timberwolves,24.2,48.0,34.0,-0.1,2.53,100.9,0.254,0.454,0.573,0.539,12.4,24.4,0.198,0.535,14.2,74.9,0.227,657148.0,16028.0,46,36,0.561,2.53,115.23,112.79,2.44,11,0
2021,Minnesota Timberwolves,23.2,24.0,48.0,0.31,-5.25,101.6,0.254,0.413,0.555,0.52,12.4,22.7,0.193,0.556,13.3,76.8,0.207,15774.0,438.0,23,49,0.319,-5.25,110.26,115.31,-5.05,26,0
2020,Minnesota Timberwolves,24.8,24.0,40.0,0.28,-4.02,103.4,0.277,0.433,0.551,0.514,13.0,22.1,0.209,0.541,13.2,77.2,0.218,482112.0,15066.0,19,45,0.297,-4.02,108.9,112.73,-3.83,22,0
2019,Minnesota Timberwolves,26.2,37.0,45.0,0.48,-1.02,100.2,0.267,0.315,0.552,0.511,11.4,24.6,0.21,0.538,12.9,74.9,0.19,627543.0,15306.0,36,46,0.439,-1.02,112.31,113.32,-1.01,20,0
2018,Minnesota Timberwolves,27.1,47.0,35.0,0.12,2.35,96.0,0.28,0.261,0.566,0.523,11.4,24.4,0.225,0.539,13.9,76.4,0.189,699308.0,17056.0,47,35,0.573,2.35,114.41,111.91,2.5,10,1
2017,Minnesota Timberwolves,24.0,38.0,44.0,0.47,-0.64,94.6,0.287,0.249,0.555,0.511,12.9,27.2,0.229,0.535,13.2,75.9,0.212,607203.0,14810.0,31,51,0.378,-0.63,111.75,112.46,-0.71,19,0
2016,Minnesota Timberwolves,24.6,31.0,51.0,0.15,-3.38,95.2,0.332,0.202,0.549,0.498,13.9,24.3,0.263,0.524,13.6,74.7,0.2,581178.0,14175.0,29,53,0.354,-3.38,107.17,110.86,-3.68,25,0
2015,Minnesota Timberwolves,24.4,19.0,63.0,0.79,-8.0,94.4,0.309,0.179,0.517,0.468,13.7,26.6,0.24,0.537,13.9,71.6,0.187,595652.0,14416.0,16,66,0.195,-8.0,103.98,112.5,-8.52,28,0
2014,Minnesota Timberwolves,26.3,48.0,34.0,0.43,3.1,97.3,0.321,0.245,0.535,0.486,12.2,27.4,0.249,0.518,14.8,74.4,0.177,597157.0,14565.0,40,42,0.488,3.1,109.4,106.25,3.15,10,0
2013,Minnesota Timberwolves,26.4,34.0,48.0,0.54,-1.83,92.8,0.305,0.22,0.516,0.473,13.8,27.4,0.226,0.511,15.0,74.0,0.187,669956.0,16340.0,31,51,0.378,-1.83,103.66,105.7,-2.04,19,0
2012,Minnesota Timberwolves,24.4,28.0,38.0,0.37,-1.83,93.3,0.306,0.262,0.524,0.477,14.0,27.5,0.236,0.491,12.2,73.0,0.187,577197.0,17491.0,26,40,0.394,-1.83,104.65,106.4,-1.75,21,0
2011,Minnesota Timberwolves,23.8,24.0,58.0,0.67,-5.97,96.5,0.282,0.223,0.526,0.483,15.1,29.6,0.217,0.514,13.1,73.7,0.251,624960.0,15243.0,17,65,0.207,-5.97,104.93,111.07,-6.15,26,0
2022,New Orleans Pelicans,25.6,38.0,44.0,0.15,-0.84,97.2,0.264,0.365,0.557,0.517,12.5,26.9,0.208,0.547,13.0,78.2,0.196,635941.0,15511.0,36,46,0.439,-0.84,112.93,113.77,-0.84,21,0
2021,New Orleans Pelicans,24.8,35.0,37.0,0.1,-0.2,100.1,0.293,0.342,0.57,0.537,12.7,26.3,0.214,0.55,11.9,80.0,0.186,93120.0,2587.0,31,41,0.431,-0.2,114.52,114.73,-0.21,18,0
2020,New Orleans Pelicans,25.4,33.0,39.0,0.74,-0.55,103.7,0.256,0.403,0.568,0.539,13.9,24.2,0.186,0.532,12.4,77.8,0.212,528172.0,16505.0,30,42,0.417,-0.55,111.73,112.18,-0.46,15,0
2019,New Orleans Pelicans,25.7,38.0,44.0,0.23,-1.1,103.3,0.254,0.324,0.563,0.529,12.6,24.1,0.193,0.532,11.6,76.8,0.193,656183.0,16004.0,33,49,0.402,-1.1,111.98,112.98,-1.01,21,0
2018,New Orleans Pelicans,27.6,44.0,38.0,0.18,1.48,100.5,0.237,0.319,0.573,0.541,13.3,20.0,0.183,0.513,12.5,76.7,0.175,673920.0,16437.0,48,34,0.585,1.48,110.37,108.95,1.42,12,1
2017,New Orleans Pelicans,25.7,35.0,47.0,0.41,-1.69,98.0,0.256,0.308,0.539,0.504,11.7,18.5,0.192,0.509,12.4,76.8,0.177,663099.0,16173.0,34,48,0.415,-1.69,105.79,107.57,-1.78,22,0
2016,New Orleans Pelicans,26.6,31.0,51.0,0.24,-3.56,96.8,0.259,0.277,0.537,0.498,12.3,21.2,0.201,0.523,12.7,78.8,0.225,688549.0,16794.0,30,52,0.366,-3.55,106.32,109.96,-3.63,24,0
2015,New Orleans Pelicans,25.3,43.0,39.0,0.34,1.13,91.4,0.263,0.233,0.537,0.501,12.5,27.1,0.198,0.496,11.7,75.1,0.195,683757.0,16677.0,45,37,0.549,1.13,109.04,107.88,1.16,13,1
2014,New Orleans Pelicans,24.3,33.0,49.0,0.73,-1.98,92.2,0.286,0.193,0.537,0.495,12.9,26.9,0.22,0.515,13.6,73.8,0.249,672029.0,16391.0,34,48,0.415,-1.98,108.18,110.35,-2.16,21,0
2022,New York Knicks,26.0,41.0,41.0,0.11,-0.01,95.9,0.28,0.428,0.55,0.513,12.0,25.1,0.208,0.521,11.7,78.8,0.198,763484.0,18622.0,37,45,0.451,-0.01,111.35,111.31,0.04,17,0
2021,New York Knicks,25.6,41.0,31.0,-0.18,2.13,95.9,0.242,0.347,0.559,0.524,11.9,21.9,0.19,0.509,11.7,78.6,0.196,42131.0,1170.0,41,31,0.569,2.13,111.23,109.01,2.21,10,0
2020,New York Knicks,24.5,20.0,46.0,-0.26,-6.72,98.6,0.263,0.318,0.531,0.501,12.6,25.8,0.182,0.541,12.4,78.3,0.224,620789.0,18812.0,21,45,0.318,-6.72,106.91,113.6,-6.7,26,0
2019,New York Knicks,23.4,19.0,63.0,0.28,-8.93,99.6,0.27,0.334,0.529,0.49,12.4,22.1,0.205,0.533,11.7,76.1,0.203,779087.0,19002.0,17,65,0.207,-8.92,105.31,114.3,-8.98,29,0
2018,New York Knicks,26.3,32.0,50.0,0.03,-3.53,96.8,0.216,0.266,0.544,0.51,13.3,24.1,0.17,0.522,12.2,76.7,0.208,792608.0,19332.0,29,53,0.354,-3.53,107.77,111.38,-3.61,23,0
2017,New York Knicks,27.3,31.0,51.0,-0.2,-3.87,96.0,0.239,0.279,0.534,0.496,12.4,26.6,0.188,0.511,11.7,74.1,0.214,810741.0,19774.0,31,51,0.378,-3.87,108.62,112.6,-3.98,25,0
2016,New York Knicks,27.2,33.0,49.0,0.0,-2.74,93.4,0.255,0.256,0.527,0.483,12.6,23.7,0.205,0.487,10.5,75.8,0.204,812292.0,19812.0,32,50,0.39,-2.73,105.55,108.58,-3.02,23,0
2015,New York Knicks,26.9,17.0,65.0,-0.18,-9.5,91.2,0.234,0.24,0.508,0.47,14.0,24.5,0.18,0.512,13.3,73.1,0.234,812292.0,19812.0,17,65,0.207,-9.49,101.06,111.36,-10.3,30,0
2014,New York Knicks,28.3,39.0,43.0,-0.61,-1.4,90.3,0.248,0.302,0.541,0.505,12.5,25.1,0.189,0.514,14.0,74.3,0.245,812292.0,19812.0,37,45,0.451,-1.4,109.25,110.58,-1.33,18,0
2013,New York Knicks,30.2,53.0,29.0,-0.5,3.73,89.8,0.258,0.354,0.55,0.515,11.7,25.6,0.196,0.508,14.8,74.7,0.216,780353.0,19033.0,54,28,0.659,3.73,111.88,107.53,4.35,7,1
2012,New York Knicks,26.3,41.0,25.0,-0.81,2.39,93.2,0.306,0.288,0.533,0.492,14.9,26.6,0.227,0.485,15.9,73.7,0.224,652179.0,19763.0,36,30,0.545,2.39,105.45,102.7,2.75,10,1
2011,New York Knicks,25.3,43.0,39.0,-0.3,0.48,95.6,0.304,0.303,0.561,0.513,12.6,24.2,0.246,0.511,13.8,71.9,0.24,808879.0,19729.0,42,40,0.512,0.48,112.0,111.48,0.51,15,1
2022,Oklahoma City Thunder,22.4,21.0,61.0,0.2,-7.9,98.5,0.223,0.419,0.53,0.497,12.5,21.8,0.169,0.533,11.8,76.1,0.169,595112.0,14515.0,24,58,0.293,-7.9,105.18,113.16,-7.98,28,0
2021,Oklahoma City Thunder,22.8,15.0,57.0,0.51,-10.13,101.0,0.242,0.399,0.539,0.509,14.2,21.2,0.176,0.547,11.5,77.9,0.167,0.0,0.0,22,50,0.306,-10.13,104.36,114.32,-9.96,30,0
2020,Oklahoma City Thunder,25.5,41.0,31.0,0.34,2.33,98.8,0.29,0.353,0.573,0.53,12.4,19.3,0.231,0.518,12.6,76.8,0.173,600699.0,18203.0,44,28,0.611,2.32,111.74,109.32,2.42,10,1
2019,Oklahoma City Thunder,25.7,50.0,32.0,0.15,3.56,102.8,0.266,0.347,0.545,0.514,11.7,26.0,0.19,0.523,14.4,78.2,0.206,746323.0,18203.0,49,33,0.598,3.56,110.71,107.22,3.49,9,1
2018,Oklahoma City Thunder,27.3,50.0,32.0,0.0,3.42,96.7,0.275,0.345,0.546,0.514,12.4,27.7,0.197,0.525,14.7,77.4,0.193,746322.0,18203.0,48,34,0.585,3.42,111.5,108.03,3.47,6,1
2017,Oklahoma City Thunder,24.7,43.0,39.0,0.39,1.14,97.8,0.295,0.295,0.54,0.5,13.2,27.9,0.22,0.511,12.5,79.0,0.218,746323.0,18203.0,47,35,0.573,1.15,108.94,107.75,1.18,10,1
2016,Oklahoma City Thunder,25.8,59.0,23.0,-0.19,7.09,96.7,0.292,0.275,0.565,0.524,14.0,31.1,0.228,0.484,11.7,76.0,0.205,746323.0,18203.0,55,27,0.671,7.09,113.64,106.29,7.35,3,1
2015,Oklahoma City Thunder,25.4,47.0,35.0,0.28,2.47,95.7,0.284,0.262,0.532,0.492,13.1,28.9,0.214,0.489,12.4,75.6,0.213,746323.0,18203.0,45,37,0.549,2.47,108.42,105.89,2.54,12,0
2014,Oklahoma City Thunder,26.2,58.0,24.0,0.32,6.66,95.4,0.303,0.271,0.566,0.52,14.0,26.5,0.244,0.488,13.9,75.6,0.221,746323.0,18203.0,59,23,0.72,6.65,111.29,104.26,7.04,3,1
2013,Oklahoma City Thunder,26.0,64.0,18.0,-0.06,9.15,93.3,0.338,0.244,0.58,0.527,14.4,26.7,0.28,0.469,13.5,73.4,0.197,746323.0,18203.0,60,22,0.732,9.15,113.21,103.33,9.89,1,1
2012,Oklahoma City Thunder,25.1,46.0,20.0,0.32,6.44,93.0,0.334,0.252,0.567,0.516,15.3,27.8,0.269,0.465,13.0,72.1,0.207,600699.0,18203.0,47,19,0.712,6.44,110.3,103.37,6.93,3,1
2011,Oklahoma City Thunder,23.7,51.0,31.0,0.02,3.81,92.7,0.363,0.212,0.561,0.501,13.1,27.4,0.299,0.493,12.9,73.6,0.228,744068.0,18148.0,55,27,0.671,3.81,112.09,107.93,4.16,9,1
2022,Orlando Magic,23.3,21.0,61.0,0.33,-7.67,99.2,0.223,0.417,0.538,0.503,13.0,19.8,0.175,0.532,11.7,77.2,0.196,622881.0,15192.0,22,60,0.268,-7.67,105.16,112.82,-7.66,27,0
2021,Orlando Magic,25.6,17.0,55.0,0.29,-9.02,98.7,0.24,0.356,0.527,0.49,11.5,21.6,0.186,0.547,11.5,78.2,0.169,126463.0,3513.0,21,51,0.292,-9.02,105.83,115.03,-9.2,29,0
2020,Orlando Magic,26.1,34.0,39.0,0.09,-0.93,98.6,0.256,0.364,0.544,0.506,11.5,22.3,0.198,0.535,13.2,79.1,0.176,529870.0,17093.0,33,40,0.452,-0.93,109.18,110.27,-1.09,20,1
2019,Orlando Magic,25.7,43.0,39.0,-0.43,0.28,98.1,0.216,0.36,0.55,0.518,11.9,22.0,0.168,0.515,11.8,79.7,0.186,720024.0,17431.0,42,40,0.512,0.28,109.26,109.05,0.21,14,1
2018,Orlando Magic,25.6,28.0,54.0,-0.1,-4.92,98.1,0.238,0.342,0.545,0.512,13.3,20.0,0.18,0.525,12.8,75.6,0.187,734531.0,17915.0,25,57,0.305,-4.92,105.77,110.88,-5.11,25,0
2017,Orlando Magic,25.3,24.0,58.0,-0.04,-6.61,96.8,0.246,0.3,0.524,0.489,12.1,21.6,0.184,0.523,11.9,77.4,0.201,727875.0,17753.0,29,53,0.354,-6.61,104.3,111.21,-6.92,30,0
2016,Orlando Magic,23.9,36.0,46.0,-0.06,-1.68,96.0,0.232,0.255,0.533,0.5,12.8,23.1,0.175,0.513,13.8,76.5,0.215,719275.0,17515.0,35,47,0.427,-1.68,105.89,107.7,-1.8,19,0
2015,Orlando Magic,24.3,25.0,57.0,-0.15,-5.87,93.8,0.23,0.235,0.524,0.494,14.0,23.1,0.168,0.514,13.6,76.0,0.21,688194.0,16785.0,25,57,0.305,-5.87,102.3,108.54,-6.23,26,0
2014,Orlando Magic,24.6,26.0,56.0,-0.44,-5.88,93.6,0.253,0.235,0.525,0.487,13.9,22.4,0.193,0.504,13.0,75.5,0.211,666046.0,16245.0,23,59,0.28,-5.88,102.06,108.48,-6.41,27,0
2013,Orlando Magic,24.6,22.0,60.0,-0.14,-7.12,92.2,0.197,0.223,0.514,0.485,13.7,25.4,0.149,0.508,11.8,74.6,0.195,722716.0,17627.0,20,62,0.244,-7.12,102.05,109.89,-7.84,29,0
2012,Orlando Magic,27.5,35.0,31.0,-0.33,0.46,89.0,0.292,0.346,0.533,0.506,14.5,26.5,0.193,0.488,12.9,75.5,0.19,623587.0,18897.0,37,29,0.561,0.46,105.77,105.36,0.41,18,1
2011,Orlando Magic,27.6,56.0,26.0,-0.54,4.92,91.2,0.328,0.328,0.554,0.521,14.3,26.1,0.227,0.475,13.3,76.9,0.219,777852.0,18972.0,52,30,0.634,4.92,108.63,103.31,5.32,5,1
2022,Philadelphia 76ers,26.8,48.0,34.0,-0.04,2.57,96.2,0.282,0.376,0.578,0.534,11.6,20.1,0.232,0.524,12.1,76.8,0.192,846867.0,20655.0,51,31,0.622,2.57,114.42,111.86,2.56,9,0
2021,Philadelphia 76ers,27.1,48.0,24.0,-0.31,5.28,99.5,0.293,0.347,0.579,0.541,12.8,23.2,0.225,0.521,13.8,78.2,0.2,68583.0,1905.0,49,23,0.681,5.28,113.96,108.66,5.3,5,0
2020,Philadelphia 76ers,26.3,42.0,31.0,-0.13,2.25,99.0,0.255,0.36,0.566,0.534,12.7,23.9,0.193,0.523,12.5,80.3,0.214,639491.0,20629.0,43,30,0.589,2.25,112.15,109.97,2.18,12,1
2019,Philadelphia 76ers,26.4,48.0,34.0,-0.44,2.25,101.6,0.312,0.342,0.574,0.532,12.9,24.5,0.241,0.512,11.1,78.6,0.206,838342.0,20447.0,51,31,0.622,2.26,113.16,110.97,2.19,11,1
2018,Philadelphia 76ers,25.8,53.0,29.0,-0.2,4.3,99.8,0.263,0.344,0.568,0.535,14.6,25.3,0.198,0.492,12.6,78.6,0.218,833503.0,20361.0,52,30,0.634,4.3,110.12,105.81,4.31,5,1
2017,Philadelphia 76ers,24.6,26.0,56.0,-0.14,-5.83,98.5,0.258,0.349,0.539,0.501,14.9,22.4,0.199,0.512,13.5,75.3,0.234,710557.0,17331.0,28,54,0.341,-5.83,103.92,109.91,-5.99,27,0
2016,Philadelphia 76ers,23.3,16.0,66.0,0.31,-9.92,97.9,0.269,0.327,0.519,0.487,14.8,20.6,0.186,0.51,13.5,74.0,0.24,614650.0,14991.0,10,72,0.122,-9.92,99.83,110.01,-10.18,30,0
2015,Philadelphia 76ers,23.2,18.0,64.0,-0.07,-9.04,95.7,0.288,0.319,0.494,0.459,16.0,25.5,0.195,0.497,15.2,73.0,0.225,571572.0,13941.0,18,64,0.22,-9.04,96.3,105.67,-9.38,29,0
2014,Philadelphia 76ers,23.4,16.0,66.0,-0.21,-10.66,99.2,0.268,0.258,0.51,0.475,14.8,24.8,0.19,0.524,14.9,72.4,0.244,568632.0,13869.0,19,63,0.232,-10.66,100.11,110.79,-10.68,30,0
2013,Philadelphia 76ers,25.2,31.0,51.0,-0.17,-3.51,91.0,0.2,0.209,0.509,0.481,12.5,24.9,0.146,0.495,13.7,73.4,0.2,685412.0,16717.0,34,48,0.415,-3.51,102.59,106.45,-3.86,24,0
2012,Philadelphia 76ers,24.9,43.0,23.0,-0.65,3.59,89.7,0.217,0.175,0.511,0.48,10.9,24.4,0.161,0.46,13.5,75.2,0.192,577597.0,17503.0,35,31,0.53,3.59,104.42,100.45,3.97,5,1
2011,Philadelphia 76ers,24.7,45.0,37.0,-0.5,1.01,91.7,0.273,0.184,0.535,0.494,12.3,24.6,0.21,0.487,13.5,74.5,0.231,604823.0,14752.0,41,41,0.5,1.01,107.55,106.48,1.07,14,1
2022,Phoenix Suns,27.5,59.0,23.0,-0.56,6.94,99.8,0.221,0.354,0.581,0.549,11.6,22.3,0.176,0.51,13.0,77.1,0.195,663171.0,16175.0,64,18,0.78,6.94,115.41,108.5,6.91,2,0
2021,Phoenix Suns,26.6,49.0,23.0,-0.15,5.67,97.2,0.212,0.392,0.597,0.564,11.5,20.8,0.177,0.534,12.4,78.5,0.194,104027.0,2890.0,51,21,0.708,5.67,117.96,112.22,5.74,3,0
2020,Phoenix Suns,24.6,37.0,36.0,0.35,0.56,101.3,0.271,0.361,0.576,0.532,13.0,22.2,0.226,0.539,13.7,78.8,0.221,550633.0,15606.0,34,39,0.466,0.56,112.41,111.94,0.47,14,0
2019,Phoenix Suns,24.0,19.0,63.0,0.73,-8.61,100.5,0.259,0.335,0.552,0.514,13.8,20.5,0.202,0.545,13.5,72.5,0.236,627023.0,15293.0,19,63,0.232,-8.61,106.59,115.11,-8.52,28,0
2018,Phoenix Suns,23.7,19.0,63.0,0.57,-8.8,100.3,0.275,0.32,0.532,0.495,13.9,22.5,0.203,0.533,11.9,76.5,0.212,690576.0,16843.0,21,61,0.256,-8.8,104.5,113.19,-8.69,30,0
2017,Phoenix Suns,25.0,27.0,55.0,0.49,-5.14,100.3,0.297,0.255,0.538,0.493,13.4,26.0,0.231,0.525,13.1,76.4,0.264,708639.0,17134.0,24,58,0.293,-5.14,107.43,112.41,-4.98,26,0
2016,Phoenix Suns,26.0,24.0,58.0,0.34,-6.32,98.5,0.271,0.302,0.526,0.487,15.2,25.4,0.204,0.523,13.5,77.1,0.237,701405.0,17107.0,23,59,0.28,-6.32,102.95,109.45,-6.5,27,0
2015,Phoenix Suns,25.7,38.0,44.0,0.52,-0.38,96.3,0.251,0.291,0.537,0.501,13.7,24.5,0.191,0.497,14.0,73.5,0.221,693862.0,16923.0,39,43,0.476,-0.38,105.97,106.34,-0.37,18,0
2014,Phoenix Suns,26.2,48.0,34.0,0.39,3.02,95.8,0.293,0.3,0.558,0.519,14.0,26.4,0.222,0.496,13.9,73.7,0.237,650739.0,15872.0,48,34,0.585,3.02,110.35,107.23,3.12,11,0
2013,Phoenix Suns,26.9,23.0,59.0,0.71,-5.75,93.4,0.234,0.21,0.512,0.477,14.3,27.0,0.174,0.512,14.2,71.9,0.208,632913.0,15437.0,25,57,0.305,-5.75,102.2,108.24,-6.04,28,0
2012,Phoenix Suns,28.9,32.0,34.0,0.53,0.29,92.6,0.257,0.238,0.536,0.499,13.3,25.8,0.194,0.491,13.1,71.7,0.2,514718.0,15598.0,33,33,0.5,0.29,106.96,106.52,0.45,17,0
2011,Phoenix Suns,29.6,39.0,43.0,0.43,-0.46,94.4,0.283,0.271,0.559,0.522,13.2,23.7,0.215,0.513,13.1,71.6,0.211,720249.0,17567.0,40,42,0.488,-0.46,110.35,110.83,-0.47,16,0
2022,Portland Trail Blazers,25.6,20.0,62.0,0.33,-8.55,98.3,0.248,0.422,0.55,0.515,13.0,22.9,0.188,0.559,12.7,76.9,0.222,705608.0,17210.0,27,55,0.329,-8.55,109.03,117.84,-8.81,30,0
2021,Portland Trail Blazers,27.4,40.0,32.0,0.01,1.81,98.4,0.238,0.448,0.577,0.54,9.9,23.0,0.195,0.546,11.2,77.5,0.203,5817.0,162.0,42,30,0.583,1.8,118.42,116.68,1.73,12,0
2020,Portland Trail Blazers,27.5,34.0,40.0,0.54,-0.61,100.7,0.242,0.374,0.57,0.533,11.2,22.4,0.194,0.53,11.2,75.3,0.208,628303.0,19634.0,35,39,0.473,-0.61,114.48,115.09,-0.61,16,1
2019,Portland Trail Blazers,26.2,51.0,31.0,0.24,4.43,99.1,0.258,0.339,0.568,0.528,12.1,26.6,0.21,0.516,11.0,77.9,0.195,799345.0,19496.0,53,29,0.646,4.44,115.63,111.01,4.62,6,1
2018,Portland Trail Blazers,25.6,48.0,34.0,0.0,2.6,96.5,0.24,0.324,0.549,0.511,12.3,23.3,0.192,0.503,11.7,79.1,0.193,795750.0,19409.0,49,33,0.598,2.6,109.44,106.79,2.66,9,1
2017,Portland Trail Blazers,24.8,40.0,42.0,0.3,-0.23,96.7,0.275,0.322,0.559,0.52,12.5,23.0,0.214,0.508,11.6,76.8,0.241,792029.0,19318.0,41,41,0.5,-0.23,111.09,111.31,-0.22,16,1
2016,Portland Trail Blazers,24.3,43.0,39.0,0.15,0.98,96.0,0.268,0.332,0.548,0.511,13.2,25.9,0.202,0.503,12.1,76.2,0.225,794085.0,19368.0,44,38,0.537,0.98,109.48,108.45,1.03,13,1
2015,Portland Trail Blazers,27.0,53.0,29.0,0.18,4.41,94.2,0.225,0.316,0.544,0.508,12.6,24.2,0.18,0.476,11.3,76.2,0.182,798368.0,19472.0,51,31,0.622,4.41,108.72,104.03,4.69,5,1
2014,Portland Trail Blazers,25.8,52.0,30.0,0.45,4.44,94.9,0.27,0.29,0.548,0.504,12.4,28.0,0.22,0.488,11.0,74.7,0.194,809612.0,19747.0,54,28,0.659,4.43,112.17,107.49,4.68,7,1
2013,Portland Trail Blazers,24.4,32.0,50.0,0.65,-2.53,91.4,0.25,0.284,0.536,0.498,13.9,25.3,0.194,0.512,12.5,73.3,0.189,813012.0,19830.0,33,49,0.402,-2.52,106.45,109.3,-2.85,21,0
2012,Portland Trail Blazers,27.5,32.0,34.0,0.41,-0.22,91.2,0.263,0.255,0.531,0.488,13.4,26.3,0.209,0.504,14.1,72.8,0.199,676384.0,20496.0,28,38,0.424,-0.21,106.4,106.64,-0.24,20,0
2011,Portland Trail Blazers,26.7,46.0,36.0,0.32,1.85,87.9,0.278,0.228,0.533,0.486,12.6,29.5,0.224,0.51,15.4,72.0,0.231,840924.0,20510.0,48,34,0.585,1.85,109.73,107.54,2.19,12,1
2022,Sacramento Kings,25.8,28.0,54.0,0.2,-5.26,99.8,0.264,0.377,0.561,0.525,12.5,21.3,0.203,0.551,11.9,76.0,0.176,577583.0,14087.0,30,52,0.366,-5.26,110.92,116.31,-5.38,25,0
2021,Sacramento Kings,25.6,28.0,44.0,0.23,-3.45,100.0,0.248,0.376,0.578,0.549,12.0,21.3,0.185,0.557,12.1,75.0,0.199,0.0,0.0,31,41,0.431,-3.45,114.59,117.94,-3.36,24,0
2020,Sacramento Kings,27.0,31.0,41.0,0.46,-1.59,98.9,0.23,0.395,0.566,0.534,13.0,21.9,0.177,0.543,13.6,78.4,0.225,520663.0,16796.0,31,41,0.431,-1.59,111.17,112.65,-1.48,21,0
2019,Sacramento Kings,24.8,38.0,44.0,0.31,-0.81,103.1,0.244,0.321,0.554,0.524,11.5,23.1,0.177,0.533,13.6,75.5,0.207,700975.0,17097.0,39,43,0.476,-0.81,111.29,112.0,-0.71,18,0
2018,Sacramento Kings,26.4,23.0,59.0,0.39,-6.6,94.9,0.194,0.278,0.529,0.502,12.8,21.5,0.143,0.542,13.5,77.6,0.199,714680.0,17431.0,27,55,0.329,-6.59,104.6,111.62,-7.02,29,0
2017,Sacramento Kings,27.9,31.0,51.0,0.58,-3.29,94.9,0.284,0.291,0.556,0.516,13.7,21.0,0.22,0.528,12.9,76.3,0.227,721928.0,17608.0,32,50,0.39,-3.29,108.12,111.72,-3.59,24,0
2016,Sacramento Kings,26.6,34.0,48.0,0.16,-2.32,100.0,0.295,0.26,0.546,0.51,14.2,23.9,0.214,0.521,14.0,74.9,0.202,707526.0,17222.0,33,49,0.402,-2.31,106.44,108.77,-2.33,21,0
2015,Sacramento Kings,26.0,31.0,51.0,0.64,-3.07,95.4,0.363,0.204,0.542,0.49,14.8,26.5,0.276,0.507,11.8,75.2,0.2,680049.0,16587.0,29,53,0.354,-3.07,106.24,109.51,-3.27,22,0
2014,Sacramento Kings,24.9,33.0,49.0,0.82,-2.08,94.4,0.331,0.218,0.532,0.484,13.9,27.8,0.251,0.512,12.7,76.6,0.234,667949.0,16291.0,28,54,0.341,-2.08,106.39,108.77,-2.37,22,0
2013,Sacramento Kings,25.6,28.0,54.0,0.62,-4.26,93.6,0.271,0.243,0.532,0.491,13.4,26.6,0.208,0.517,13.6,71.0,0.227,563743.0,13750.0,28,54,0.341,-4.25,107.21,111.83,-4.62,25,0
2012,Sacramento Kings,24.3,21.0,45.0,0.73,-4.95,94.7,0.268,0.228,0.51,0.472,13.0,29.1,0.197,0.515,13.9,70.5,0.199,478764.0,14508.0,22,44,0.333,-4.95,104.59,109.76,-5.17,25,0
2011,Sacramento Kings,24.8,27.0,55.0,0.54,-4.8,95.2,0.284,0.183,0.519,0.48,14.4,29.9,0.208,0.513,13.5,74.4,0.233,569496.0,13890.0,24,58,0.293,-4.8,104.16,109.24,-5.07,25,0
2022,San Antonio Spurs,24.5,41.0,41.0,-0.1,0.02,100.0,0.22,0.345,0.556,0.527,11.1,23.7,0.166,0.532,12.1,75.1,0.176,615588.0,15014.0,34,48,0.415,0.02,113.09,113.16,-0.07,19,0
2021,San Antonio Spurs,26.2,32.0,40.0,0.15,-1.58,98.9,0.243,0.314,0.554,0.517,10.2,20.0,0.192,0.541,11.8,77.3,0.174,61053.0,1696.0,33,39,0.458,-1.58,111.59,113.17,-1.57,21,0
2020,San Antonio Spurs,27.6,33.0,38.0,0.46,-0.65,100.5,0.262,0.318,0.572,0.531,11.2,20.1,0.212,0.542,11.7,79.2,0.193,550515.0,18351.0,32,39,0.451,-0.65,113.13,113.86,-0.73,17,0
2019,San Antonio Spurs,28.8,45.0,37.0,0.12,1.8,98.3,0.237,0.286,0.572,0.534,11.0,21.0,0.194,0.528,11.0,79.4,0.17,750616.0,18308.0,48,34,0.585,1.81,113.3,111.42,1.88,12,1
2018,San Antonio Spurs,29.3,49.0,33.0,0.0,2.89,95.0,0.245,0.282,0.543,0.507,12.2,23.7,0.189,0.507,13.2,78.6,0.17,754562.0,18404.0,47,35,0.573,2.89,108.35,105.23,3.12,8,1
2017,San Antonio Spurs,29.6,60.0,22.0,-0.06,7.13,94.2,0.263,0.281,0.564,0.524,12.6,24.0,0.21,0.492,13.5,77.6,0.192,755347.0,18423.0,61,21,0.744,7.13,111.62,104.12,7.49,2,1
2016,San Antonio Spurs,30.3,67.0,15.0,-0.36,10.28,93.8,0.246,0.223,0.564,0.526,12.4,23.0,0.197,0.477,14.1,79.1,0.182,756445.0,18450.0,67,15,0.817,10.28,110.59,99.49,11.1,1,1
2015,San Antonio Spurs,29.8,58.0,24.0,0.14,6.34,93.8,0.256,0.269,0.555,0.517,13.1,23.4,0.2,0.484,13.3,77.3,0.19,762855.0,18606.0,55,27,0.671,6.34,109.09,102.3,6.79,3,1
2014,San Antonio Spurs,28.9,61.0,21.0,0.28,8.0,95.0,0.24,0.257,0.571,0.537,13.5,22.7,0.188,0.482,12.8,76.4,0.184,755031.0,18415.0,62,20,0.756,7.99,110.98,102.53,8.45,1,1
2013,San Antonio Spurs,28.6,58.0,24.0,0.27,6.67,94.2,0.258,0.264,0.568,0.531,14.0,20.5,0.204,0.48,13.7,74.9,0.179,755700.0,18432.0,58,24,0.707,6.67,109.05,101.9,7.14,3,1
2012,San Antonio Spurs,27.5,48.0,18.0,0.11,7.28,92.9,0.261,0.257,0.562,0.528,12.8,25.1,0.195,0.489,12.9,76.0,0.168,607095.0,18397.0,50,16,0.758,7.28,111.35,103.6,7.75,2,1
2011,San Antonio Spurs,28.8,56.0,26.0,0.16,5.86,92.3,0.299,0.261,0.567,0.527,12.8,24.9,0.229,0.491,12.6,74.6,0.19,750879.0,18314.0,61,21,0.744,5.86,112.22,105.97,6.25,4,1
2022,Toronto Raptors,24.8,47.0,35.0,0.08,2.38,96.0,0.234,0.375,0.543,0.51,11.0,28.4,0.177,0.535,14.4,75.6,0.199,547343.0,13350.0,48,34,0.585,2.37,113.86,111.4,2.46,10,0
2021,Toronto Raptors,26.6,35.0,37.0,-0.07,-0.54,99.2,0.241,0.444,0.567,0.529,11.9,20.8,0.196,0.543,14.4,76.3,0.234,26024.0,723.0,27,45,0.375,-0.54,113.0,113.55,-0.56,19,0
2020,Toronto Raptors,26.6,50.0,22.0,-0.26,5.97,100.9,0.264,0.421,0.574,0.536,13.1,21.3,0.21,0.502,14.6,76.7,0.202,633456.0,19796.0,53,19,0.736,5.97,111.99,106.08,5.9,4,1
2019,Toronto Raptors,27.3,56.0,26.0,-0.6,5.49,100.2,0.247,0.379,0.579,0.543,12.4,21.9,0.198,0.509,13.1,77.1,0.19,812822.0,19825.0,58,24,0.707,5.49,113.78,108.4,5.38,3,1
2018,Toronto Raptors,25.8,60.0,22.0,-0.49,7.29,97.4,0.25,0.377,0.575,0.539,12.1,23.0,0.198,0.501,13.0,77.7,0.212,813431.0,19840.0,59,23,0.72,7.3,114.5,106.96,7.54,2,1
2017,Toronto Raptors,26.1,52.0,30.0,-0.56,3.65,94.7,0.293,0.289,0.561,0.517,11.8,25.0,0.233,0.507,13.5,76.3,0.223,813050.0,19830.0,51,31,0.622,3.65,113.07,109.14,3.93,6,1
2016,Toronto Raptors,26.3,53.0,29.0,-0.42,4.08,92.9,0.328,0.287,0.552,0.504,12.3,24.6,0.255,0.498,12.7,77.7,0.201,812863.0,19826.0,56,26,0.683,4.08,111.18,106.68,4.5,5,1
2015,Toronto Raptors,26.1,49.0,33.0,-0.62,2.45,92.8,0.295,0.302,0.553,0.508,12.0,25.6,0.232,0.506,13.4,73.3,0.208,809824.0,19752.0,49,33,0.598,2.45,112.07,109.35,2.72,11,1
2014,Toronto Raptors,25.6,50.0,32.0,-0.69,2.55,91.8,0.306,0.285,0.545,0.498,13.2,27.2,0.239,0.493,14.1,74.9,0.237,748339.0,18252.0,48,34,0.585,2.55,109.65,106.76,2.89,12,1
2013,Toronto Raptors,25.4,37.0,45.0,-0.48,-1.96,90.4,0.274,0.249,0.532,0.488,13.0,25.5,0.216,0.5,13.6,73.4,0.247,743936.0,18145.0,34,48,0.415,-1.95,106.51,108.45,-1.93,18,0
2012,Toronto Raptors,25.7,25.0,41.0,-0.36,-3.67,89.3,0.274,0.209,0.518,0.475,14.8,25.9,0.211,0.475,12.8,75.4,0.26,555584.0,16836.0,23,43,0.348,-3.67,101.68,105.83,-4.14,24,0
2011,Toronto Raptors,24.5,24.0,58.0,0.01,-6.28,92.9,0.293,0.162,0.533,0.491,13.7,28.2,0.221,0.522,13.0,72.0,0.251,680255.0,16592.0,22,60,0.268,-6.28,107.17,113.88,-6.72,27,0
2022,Utah Jazz,29.3,56.0,26.0,-0.37,5.67,97.1,0.271,0.468,0.589,0.555,12.7,25.4,0.208,0.521,10.9,78.3,0.164,750546.0,18306.0,49,33,0.598,5.67,117.63,111.84,5.79,3,0
2021,Utah Jazz,28.5,55.0,17.0,-0.29,8.97,98.5,0.244,0.488,0.597,0.563,12.7,24.5,0.195,0.507,10.3,79.3,0.159,151300.0,4203.0,52,20,0.722,8.96,118.23,109.04,9.2,1,0
2020,Utah Jazz,27.3,42.0,30.0,0.05,2.52,98.6,0.268,0.414,0.585,0.549,13.7,21.6,0.208,0.518,11.1,78.9,0.185,567486.0,18306.0,44,28,0.611,2.52,113.09,110.38,2.71,8,1
2019,Utah Jazz,27.3,54.0,28.0,0.03,5.28,100.3,0.295,0.394,0.572,0.538,13.4,22.9,0.217,0.507,12.4,80.3,0.189,750546.0,18306.0,50,32,0.61,5.29,111.23,105.94,5.28,4,1
2018,Utah Jazz,26.7,53.0,29.0,0.17,4.47,95.7,0.26,0.357,0.564,0.527,13.7,21.5,0.202,0.506,14.0,79.8,0.19,734806.0,17922.0,48,34,0.585,4.47,108.92,104.24,4.68,4,1
2017,Utah Jazz,26.8,52.0,30.0,0.06,4.0,91.6,0.288,0.327,0.563,0.526,13.2,23.2,0.215,0.493,11.8,78.9,0.195,806142.0,19662.0,51,31,0.622,4.0,110.31,105.98,4.33,5,1
2016,Utah Jazz,24.2,46.0,36.0,0.05,1.84,91.0,0.286,0.297,0.54,0.501,14.2,25.9,0.213,0.495,13.5,77.7,0.21,791489.0,19305.0,40,42,0.488,1.86,106.57,104.48,2.09,10,0
2015,Utah Jazz,23.4,42.0,40.0,0.49,0.71,90.4,0.297,0.274,0.531,0.494,14.6,29.1,0.214,0.491,12.8,76.3,0.199,772059.0,18831.0,38,44,0.463,0.71,106.23,105.43,0.79,14,0
2014,Utah Jazz,24.5,22.0,60.0,0.91,-6.27,91.4,0.271,0.237,0.523,0.484,13.9,25.5,0.202,0.518,12.1,74.5,0.227,745203.0,18176.0,25,57,0.305,-6.27,104.43,111.32,-6.89,28,0
2013,Utah Jazz,26.3,41.0,41.0,0.38,0.3,90.9,0.281,0.206,0.533,0.492,13.8,28.8,0.214,0.501,14.0,73.2,0.226,763915.0,18632.0,43,39,0.524,0.3,107.49,107.15,0.34,13,0
2012,Utah Jazz,25.6,34.0,32.0,0.3,0.92,91.4,0.302,0.153,0.525,0.481,13.0,30.2,0.227,0.493,13.8,73.8,0.245,637124.0,19307.0,36,30,0.545,0.92,107.34,106.4,0.94,15,1
2011,Utah Jazz,26.8,36.0,46.0,0.39,-1.44,91.0,0.313,0.191,0.544,0.498,13.5,27.0,0.241,0.505,13.8,71.7,0.275,799982.0,19512.0,39,43,0.476,-1.44,109.08,110.75,-1.67,20,0
2022,Washington Wizards,25.9,32.0,50.0,0.15,-3.23,97.0,0.252,0.356,0.568,0.532,12.1,20.9,0.197,0.529,10.7,76.9,0.202,641499.0,15646.0,35,47,0.427,-3.23,111.79,115.23,-3.43,24,0
2021,Washington Wizards,26.6,32.0,40.0,-0.01,-1.85,104.1,0.288,0.319,0.569,0.531,12.3,21.3,0.221,0.539,12.5,77.6,0.217,19198.0,533.0,34,38,0.472,-1.84,111.79,113.69,-1.91,22,0
2020,Washington Wizards,25.1,26.0,46.0,-0.57,-5.24,102.7,0.27,0.358,0.562,0.523,12.2,22.2,0.213,0.558,13.9,75.3,0.231,532702.0,16647.0,25,47,0.347,-5.24,111.64,116.7,-5.05,25,0
2019,Washington Wizards,26.5,34.0,48.0,-0.4,-3.3,101.4,0.266,0.37,0.567,0.531,12.3,21.3,0.204,0.546,13.5,74.1,0.199,716996.0,17448.0,32,50,0.39,-3.3,111.72,114.97,-3.25,25,0
2018,Washington Wizards,26.9,43.0,39.0,-0.06,0.53,96.6,0.254,0.31,0.56,0.525,13.3,23.5,0.196,0.522,13.6,77.1,0.212,739302.0,18032.0,43,39,0.524,0.53,110.0,109.49,0.5,15,1
2017,Washington Wizards,26.0,46.0,36.0,-0.45,1.36,97.4,0.254,0.284,0.564,0.528,12.8,24.1,0.199,0.524,13.8,75.5,0.213,697107.0,17003.0,49,33,0.598,1.36,111.96,110.49,1.46,9,1
2016,Washington Wizards,27.3,40.0,42.0,0.0,-0.5,98.5,0.263,0.282,0.544,0.511,13.1,20.6,0.192,0.515,14.6,77.7,0.218,725426.0,17693.0,41,41,0.5,-0.49,106.23,106.62,-0.39,17,0
2015,Washington Wizards,28.6,43.0,39.0,-0.55,0.17,93.7,0.259,0.203,0.534,0.499,14.0,24.9,0.192,0.481,12.9,77.3,0.21,747796.0,18239.0,46,36,0.561,0.17,104.38,104.13,0.25,15,1
2014,Washington Wizards,26.3,45.0,37.0,-0.79,0.48,93.2,0.248,0.246,0.538,0.506,13.6,25.2,0.181,0.504,15.0,75.7,0.22,698068.0,17026.0,44,38,0.537,0.47,106.46,105.99,0.47,15,1
2013,Washington Wizards,25.4,33.0,49.0,-0.25,-2.78,92.2,0.261,0.223,0.512,0.475,14.2,24.6,0.191,0.483,13.7,74.6,0.206,670070.0,16343.0,29,53,0.354,-2.78,100.56,103.64,-3.09,22,0
2012,Washington Wizards,24.2,22.0,44.0,-0.34,-5.14,92.5,0.253,0.196,0.508,0.472,14.2,27.3,0.184,0.492,14.2,70.9,0.229,552038.0,16728.0,20,46,0.303,-5.14,101.95,107.61,-5.66,26,0
2011,Washington Wizards,24.9,22.0,60.0,0.11,-7.3,93.8,0.29,0.172,0.513,0.471,13.9,28.0,0.216,0.512,14.4,70.5,0.249,688466.0,16792.0,23,59,0.28,-7.3,103.39,111.09,-7.71,29,0
2014,Charlotte Bobcats,25.5,40.0,42.0,-0.67,-0.89,92.4,0.297,0.219,0.522,0.481,11.7,21.9,0.219,0.491,12.6,77.6,0.183,636268.0,15519.0,43,39,0.524,-0.89,104.04,105.03,-0.99,17,1
2013,Charlotte Bobcats,24.4,17.0,65.0,-0.06,-9.29,91.5,0.31,0.21,0.507,0.46,13.2,25.7,0.233,0.524,13.2,71.1,0.197,628293.0,15324.0,21,61,0.256,-9.29,102.59,112.82,-10.23,30,0
2012,Charlotte Bobcats,24.5,7.0,59.0,-0.05,-13.96,91.1,0.276,0.169,0.483,0.439,13.9,23.6,0.206,0.512,12.8,70.9,0.206,486984.0,14757.0,7,59,0.106,-13.96,96.12,111.59,-15.46,30,0
2011,Charlotte Bobcats,26.9,29.0,53.0,-0.08,-4.08,89.6,0.314,0.189,0.528,0.482,14.1,25.7,0.237,0.5,12.9,75.2,0.229,649694.0,15846.0,34,48,0.415,-4.08,104.43,109.11,-4.67,24,0
2013,New Orleans Hornets,24.0,30.0,52.0,0.75,-3.12,88.5,0.248,0.224,0.528,0.489,14.0,29.2,0.193,0.52,13.1,74.4,0.208,565930.0,13803.0,27,55,0.329,-3.11,107.03,110.54,-3.51,23,0
2012,New Orleans Hornets,25.5,24.0,42.0,0.65,-3.11,88.3,0.274,0.152,0.517,0.476,15.2,27.5,0.207,0.485,13.5,73.1,0.218,498618.0,15110.0,21,45,0.318,-3.11,101.68,105.11,-3.44,23,0
2011,New Orleans Hornets,26.3,44.0,38.0,0.39,1.28,88.7,0.296,0.192,0.537,0.493,12.8,25.1,0.226,0.501,14.4,76.2,0.22,603088.0,14709.0,46,36,0.561,1.28,107.18,105.7,1.48,13,1
2012,New Jersey Nets,26.1,19.0,47.0,-0.39,-6.37,90.1,0.269,0.278,0.516,0.473,14.3,27.8,0.209,0.513,13.7,70.7,0.209,460719.0,13961.0,22,44,0.333,-6.37,103.99,111.17,-7.18,28,0
2011,New Jersey Nets,24.8,24.0,58.0,-0.04,-6.28,89.9,0.283,0.201,0.517,0.474,13.4,26.1,0.215,0.503,11.8,74.2,0.241,581378.0,13949.0,24,58,0.293,-6.28,104.11,111.1,-6.99,28,0
